amount,lifetime_value,orders_count,successful_payments,failed_payments,previous_recovery_success,contact_count,payment_method_CARD,payment_method_NETBANKING,payment_method_UPI,payment_method_WALLET,failure_reason_AUTHENTICATION_FAILED,failure_reason_BANK_DECLINED,failure_reason_BANK_TIMEOUT,failure_reason_INSUFFICIENT_FUNDS,failure_reason_NETWORK_ERROR,segment_frequent_failure,segment_high_value,segment_occasional,segment_price_sensitive,segment_reliable,segment_unresponsive,recovered
1420.26,9163.72,7,7,0,0.55,0,0,0,1,0,0,1,0,0,0,0,0,1,0,0,0,0
1248.04,7294.79,8,6,2,0.35,0,0,0,0,1,0,0,1,0,0,1,0,0,0,0,0,1
100.0,2561.2,7,5,2,0.35,0,0,0,1,0,0,0,0,0,1,1,0,0,0,0,0,0
1221.69,7134.39,6,4,2,0.55,0,0,1,0,0,0,1,0,0,0,0,0,1,0,0,0,0
1593.38,1375.38,1,1,0,0.6,0,0,0,1,0,0,1,0,0,0,0,0,0,1,0,0,0
1940.88,20403.78,9,9,0,0.75,0,0,0,0,1,1,0,0,0,0,0,0,0,0,1,0,1
428.26,6471.79,8,7,1,0.6,0,0,0,0,1,0,0,0,1,0,0,0,0,1,0,0,1
1221.79,13812.11,9,8,1,0.55,0,0,0,1,0,0,0,1,0,0,0,0,1,0,0,0,0
946.52,4483.0,4,3,1,0.25,0,1,0,0,0,0,0,1,0,0,0,0,0,0,0,1,0
1481.21,5940.0,6,5,1,0.55,0,0,0,0,1,0,0,1,0,0,0,0,1,0,0,0,0
1278.49,5137.07,3,3,0,0.25,0,0,1,0,0,0,0,1,0,0,0,0,0,0,0,1,0
100.0,4743.99,9,4,5,0.35,0,0,1,0,0,0,0,0,1,0,1,0,0,0,0,0,0
1685.32,8353.91,6,4,2,0.35,0,0,1,0,0,1,0,0,0,0,1,0,0,0,0,0,0
1350.88,5382.61,4,4,0,0.35,0,0,0,1,0,0,0,0,0,1,1,0,0,0,0,0,1
860.87,4152.38,9,4,5,0.35,0,0,1,0,0,0,0,0,1,0,1,0,0,0,0,0,0
1005.68,15052.58,13,9,4,0.35,0,0,0,1,0,0,1,0,0,0,1,0,0,0,0,0,0
1232.06,3669.21,3,2,1,0.25,0,1,0,0,0,0,1,0,0,0,0,0,0,0,0,1,0
900.07,1897.23,2,2,0,0.6,0,0,0,1,0,0,0,0,0,1,0,0,0,1,0,0,0
230.45,1499.46,3,2,1,0.6,0,0,0,0,1,0,1,0,0,0,0,0,0,1,0,0,0
702.71,4330.88,6,4,2,0.6,0,0,0,1,0,0,0,0,0,1,0,0,0,1,0,0,0
925.21,7396.41,7,5,2,0.55,0,0,0,0,1,0,0,0,1,0,0,0,1,0,0,0,1
1889.08,10605.32,6,6,0,0.75,0,0,0,0,1,0,0,1,0,0,0,0,0,0,1,0,1
1353.83,3295.6,3,3,0,0.6,0,0,0,0,1,0,0,0,0,1,0,0,0,1,0,0,1
1011.91,951.44,1,1,0,0.25,0,0,0,1,0,0,0,0,1,0,0,0,0,0,0,1,1
808.81,8462.99,7,6,1,0.55,0,0,0,1,0,0,0,0,0,1,0,0,1,0,0,0,0
436.94,3786.56,4,3,1,0.25,0,1,0,0,0,0,0,0,1,0,0,0,0,0,0,1,1
1277.09,8840.7,9,7,2,0.35,0,0,1,0,0,0,0,1,0,0,1,0,0,0,0,0,1
864.47,4580.91,6,4,2,0.35,0,0,1,0,0,0,0,1,0,0,1,0,0,0,0,0,0
1216.44,5968.7,5,5,0,0.6,0,0,0,1,0,0,0,0,0,1,0,0,0,1,0,0,1
100.0,5381.49,10,7,3,0.6,0,1,0,0,0,0,0,0,1,0,0,0,0,1,0,0,0
808.16,4392.4,5,2,3,0.35,0,1,0,0,0,0,0,1,0,0,1,0,0,0,0,0,0
1750.35,7256.04,5,5,0,0.25,0,0,1,0,0,0,1,0,0,0,0,0,0,0,0,1,0
880.3,3025.66,3,2,1,0.55,0,1,0,0,0,1,0,0,0,0,0,0,1,0,0,0,0
2916.38,16216.85,7,7,0,0.75,0,0,0,0,1,0,0,0,1,0,0,0,0,0,1,0,0
1253.95,8365.32,8,7,1,0.35,0,0,0,1,0,0,0,1,0,0,1,0,0,0,0,0,0
529.57,6694.0,7,7,0,0.25,0,0,0,0,1,0,1,0,0,0,0,0,0,0,0,1,0
11940.92,48378.42,4,4,0,0.8,0,0,0,1,0,0,0,1,0,0,0,1,0,0,0,0,1
1109.4,5337.74,6,5,1,0.35,0,0,1,0,0,0,0,0,0,1,1,0,0,0,0,0,0
1922.59,17626.78,9,9,0,0.75,0,0,0,0,1,0,0,1,0,0,0,0,0,0,1,0,0
6076.04,34612.21,6,5,1,0.8,0,0,0,1,0,0,0,1,0,0,0,1,0,0,0,0,1
1149.98,4708.5,5,5,0,0.6,0,1,0,0,0,0,0,0,1,0,0,0,0,1,0,0,1
931.49,3339.46,4,3,1,0.6,0,0,1,0,0,0,1,0,0,0,0,0,0,1,0,0,1
398.21,4857.43,10,5,5,0.35,0,1,0,0,0,0,0,1,0,0,1,0,0,0,0,0,0
6022.61,55266.9,9,8,1,0.8,0,0,1,0,0,1,0,0,0,0,0,1,0,0,0,0,1
1930.29,3719.27,2,2,0,0.25,0,0,1,0,0,0,0,0,1,0,0,0,0,0,0,1,0
931.64,5179.75,5,5,0,0.6,0,0,0,1,0,0,0,1,0,0,0,0,0,1,0,0,1
1823.12,3719.64,2,2,0,0.25,0,0,1,0,0,0,1,0,0,0,0,0,0,0,0,1,0
1682.52,11143.81,10,10,0,0.75,0,0,0,1,0,0,1,0,0,0,0,0,0,0,1,0,1
1086.82,4312.65,5,3,2,0.6,0,1,0,0,0,0,0,0,0,1,0,0,0,1,0,0,1
1022.06,4272.38,5,4,1,0.35,0,1,0,0,0,1,0,0,0,0,1,0,0,0,0,0,0
553.86,4602.28,6,4,2,0.35,0,0,0,1,0,0,0,1,0,0,1,0,0,0,0,0,0
918.91,3528.19,5,5,0,0.6,0,1,0,0,0,1,0,0,0,0,0,0,0,1,0,0,1
1296.29,6246.95,6,5,1,0.35,0,1,0,0,0,0,0,1,0,0,1,0,0,0,0,0,1
1171.36,6329.21,5,4,1,0.6,0,1,0,0,0,0,0,1,0,0,0,0,0,1,0,0,0
344.4,3658.22,4,3,1,0.6,0,0,1,0,0,0,0,0,1,0,0,0,0,1,0,0,1
2291.21,19597.55,9,9,0,0.25,0,0,1,0,0,0,0,0,1,0,0,0,0,0,0,1,0
170.31,2695.31,4,2,2,0.35,0,0,1,0,0,0,0,0,0,1,1,0,0,0,0,0,0
1581.87,4483.0,3,3,0,0.35,0,0,1,0,0,0,0,1,0,0,1,0,0,0,0,0,0
100.0,1312.2,4,1,3,0.35,0,1,0,0,0,0,0,1,0,0,1,0,0,0,0,0,0
2252.84,15667.62,7,7,0,0.75,0,0,0,0,1,0,0,1,0,0,0,0,0,0,1,0,0
845.12,5610.92,7,5,2,0.55,0,0,0,0,1,0,0,0,0,1,0,0,1,0,0,0,0
1483.2,4496.45,6,4,2,0.35,0,0,0,0,1,1,0,0,0,0,1,0,0,0,0,0,0
997.08,3862.16,4,4,0,0.6,0,0,0,1,0,0,0,1,0,0,0,0,0,1,0,0,0
617.2,4036.36,7,4,3,0.6,0,0,1,0,0,0,0,0,0,1,0,0,0,1,0,0,0
1238.48,2986.31,3,3,0,0.35,0,0,0,1,0,0,0,0,1,0,1,0,0,0,0,0,0
1602.86,2922.38,2,2,0,0.55,0,1,0,0,0,0,0,1,0,0,0,0,1,0,0,0,0
1336.2,3454.03,2,2,0,0.55,0,0,1,0,0,0,0,0,1,0,0,0,1,0,0,0,0
544.91,2695.31,4,2,2,0.35,0,0,1,0,0,0,0,0,1,0,1,0,0,0,0,0,0
675.68,4551.01,5,3,2,0.55,0,0,1,0,0,0,0,1,0,0,0,0,1,0,0,0,0
461.41,3140.94,9,4,5,0.35,0,0,0,0,1,1,0,0,0,0,1,0,0,0,0,0,0
1613.79,7866.57,6,5,1,0.55,0,0,0,0,1,1,0,0,0,0,0,0,1,0,0,0,0
1516.03,6575.43,5,4,1,0.35,0,0,0,0,1,0,0,0,1,0,1,0,0,0,0,0,0
1005.05,4583.18,7,3,4,0.35,0,1,0,0,0,0,0,1,0,0,1,0,0,0,0,0,0
1276.62,6916.97,4,4,0,0.55,0,0,0,0,1,0,0,1,0,0,0,0,1,0,0,0,1
1501.98,3116.08,2,2,0,0.6,0,0,0,0,1,0,1,0,0,0,0,0,0,1,0,0,0
1255.08,5868.49,4,3,1,0.25,0,1,0,0,0,1,0,0,0,0,0,0,0,0,0,1,0
6671.01,27991.15,4,4,0,0.8,0,0,0,1,0,0,0,0,1,0,0,1,0,0,0,0,0
167.59,4715.62,5,5,0,0.55,0,1,0,0,0,0,0,0,1,0,0,0,1,0,0,0,0
877.46,2565.4,3,3,0,0.55,0,1,0,0,0,0,0,0,0,1,0,0,1,0,0,0,1
1115.34,6774.03,5,5,0,0.25,0,0,0,0,1,0,1,0,0,0,0,0,0,0,0,1,0
1854.77,15273.7,10,9,1,0.6,0,1,0,0,0,1,0,0,0,0,0,0,0,1,0,0,0
746.99,2782.49,5,4,1,0.35,0,1,0,0,0,0,0,1,0,0,1,0,0,0,0,0,0
892.98,1922.18,4,2,2,0.6,0,1,0,0,0,0,0,0,1,0,0,0,0,1,0,0,0
100.0,3794.56,7,3,4,0.35,0,0,1,0,0,0,1,0,0,0,1,0,0,0,0,0,0
535.0,6601.11,7,6,1,0.35,0,0,0,0,1,0,0,0,0,1,1,0,0,0,0,0,0
1947.19,3714.97,2,2,0,0.8,0,0,1,0,0,0,0,0,0,1,0,1,0,0,0,0,1
483.89,6495.33,9,7,2,0.35,0,0,1,0,0,0,1,0,0,0,1,0,0,0,0,0,1
353.03,3040.69,4,4,0,0.25,0,0,0,0,1,0,0,1,0,0,0,0,0,0,0,1,0
1158.96,5459.33,6,6,0,0.55,0,1,0,0,0,0,0,1,0,0,0,0,1,0,0,0,1
1075.02,8151.31,6,5,1,0.55,0,0,0,1,0,0,0,0,0,1,0,0,1,0,0,0,0
1474.08,7855.9,5,5,0,0.55,0,1,0,0,0,1,0,0,0,0,0,0,1,0,0,0,1
100.0,1338.5,3,1,2,0.35,0,0,0,0,1,0,0,0,0,1,1,0,0,0,0,0,1
2188.96,13483.1,7,6,1,0.25,0,0,0,1,0,0,0,0,0,1,0,0,0,0,0,1,0
1191.08,3978.36,4,4,0,0.6,0,0,1,0,0,1,0,0,0,0,0,0,0,1,0,0,1
781.3,6551.74,8,5,3,0.35,0,0,1,0,0,1,0,0,0,0,1,0,0,0,0,0,0
1302.85,14428.72,14,10,4,0.35,0,0,0,0,1,0,0,0,0,1,1,0,0,0,0,0,0
1813.88,5430.4,4,3,1,0.55,0,0,0,0,1,0,0,0,0,1,0,0,1,0,0,0,0
2075.67,3749.01,2,2,0,0.25,0,0,0,0,1,1,0,0,0,0,0,0,0,0,0,1,0
547.21,5229.6,6,4,2,0.75,0,0,0,1,0,0,0,1,0,0,0,0,0,0,1,0,0
639.06,7703.54,9,8,1,0.6,0,0,0,0,1,1,0,0,0,0,0,0,0,1,0,0,1
1171.98,9067.18,7,7,0,0.75,0,1,0,0,0,0,0,1,0,0,0,0,0,0,1,0,1
1152.17,4298.92,3,2,1,0.25,0,0,1,0,0,1,0,0,0,0,0,0,0,0,0,1,0
1084.25,8818.97,6,6,0,0.55,0,1,0,0,0,0,1,0,0,0,0,0,1,0,0,0,1
100.0,1261.69,10,2,8,0.35,0,0,1,0,0,0,0,0,1,0,1,0,0,0,0,0,1
345.94,1339.18,2,1,1,0.25,0,0,1,0,0,0,0,1,0,0,0,0,0,0,0,1,0
1835.8,1744.76,1,1,0,0.25,0,0,1,0,0,0,0,0,0,1,0,0,0,0,0,1,0
8086.97,80616.01,10,10,0,0.8,0,0,1,0,0,0,1,0,0,0,0,1,0,0,0,0,0
799.73,2145.78,3,2,1,0.25,0,0,1,0,0,0,1,0,0,0,0,0,0,0,0,1,0
11617.83,70181.47,6,6,0,0.8,0,0,1,0,0,0,0,0,1,0,0,1,0,0,0,0,0
1502.53,5465.25,4,4,0,0.55,0,0,1,0,0,0,1,0,0,0,0,0,1,0,0,0,1
1363.02,10354.27,8,8,0,0.55,0,0,0,1,0,0,0,0,0,1,0,0,1,0,0,0,0
785.3,3255.08,4,3,1,0.6,0,0,0,1,0,0,0,1,0,0,0,0,0,1,0,0,0
304.29,3237.24,5,4,1,0.6,0,1,0,0,0,0,0,0,1,0,0,0,0,1,0,0,0
1219.52,6541.37,4,4,0,0.25,0,0,1,0,0,0,0,0,1,0,0,0,0,0,0,1,0
1432.89,6092.85,4,4,0,0.55,0,0,0,1,0,0,0,0,0,1,0,0,1,0,0,0,0
907.19,1204.97,1,1,0,0.6,0,1,0,0,0,1,0,0,0,0,0,0,0,1,0,0,0
985.53,3412.62,8,3,5,0.35,0,0,1,0,0,0,0,0,1,0,1,0,0,0,0,0,0
1081.61,4300.84,5,5,0,0.6,0,0,1,0,0,0,1,0,0,0,0,0,0,1,0,0,1
1097.34,4036.36,7,4,3,0.6,0,0,1,0,0,0,1,0,0,0,0,0,0,1,0,0,0
910.82,5873.53,6,6,0,0.6,0,0,0,0,1,0,0,0,0,1,0,0,0,1,0,0,1
1248.71,7379.84,6,6,0,0.55,0,0,0,0,1,0,1,0,0,0,0,0,1,0,0,0,0
321.53,1334.84,5,1,4,0.35,0,0,0,0,1,0,1,0,0,0,1,0,0,0,0,0,0
1466.34,4652.44,5,4,1,0.35,0,0,0,1,0,0,1,0,0,0,1,0,0,0,0,0,0
100.0,2214.79,7,2,5,0.35,0,0,0,0,1,0,1,0,0,0,1,0,0,0,0,0,0
554.11,7925.59,8,8,0,0.6,0,0,0,1,0,0,1,0,0,0,0,0,0,1,0,0,0
1029.34,9295.98,10,7,3,0.35,0,0,0,0,1,0,0,0,0,1,1,0,0,0,0,0,0
1051.32,8124.04,6,6,0,0.25,0,0,1,0,0,1,0,0,0,0,0,0,0,0,0,1,1
778.09,2455.21,4,2,2,0.35,0,0,1,0,0,1,0,0,0,0,1,0,0,0,0,0,0
995.84,12041.57,9,7,2,0.75,0,0,0,1,0,1,0,0,0,0,0,0,0,0,1,0,0
1194.28,1165.72,1,1,0,0.6,0,0,0,0,1,0,0,0,1,0,0,0,0,1,0,0,0
511.5,1688.97,2,2,0,0.55,0,1,0,0,0,0,0,0,0,1,0,0,1,0,0,0,0
786.93,2601.72,4,3,1,0.6,0,0,0,1,0,0,0,0,0,1,0,0,0,1,0,0,1
903.24,4330.88,6,4,2,0.6,0,0,0,1,0,0,0,0,1,0,0,0,0,1,0,0,0
1609.22,18533.82,10,9,1,0.75,0,0,0,0,1,0,1,0,0,0,0,0,0,0,1,0,0
555.3,3421.38,5,4,1,0.35,0,0,0,1,0,0,0,0,1,0,1,0,0,0,0,0,0
2136.76,5216.42,3,3,0,0.55,0,0,1,0,0,1,0,0,0,0,0,0,1,0,0,0,1
1457.83,7648.75,5,4,1,0.25,0,1,0,0,0,0,1,0,0,0,0,0,0,0,0,1,0
1739.41,1827.18,1,1,0,0.25,0,1,0,0,0,0,1,0,0,0,0,0,0,0,0,1,0
2316.22,20497.42,9,9,0,0.75,0,0,0,1,0,0,0,1,0,0,0,0,0,0,1,0,1
187.08,3520.34,7,5,2,0.6,0,1,0,0,0,1,0,0,0,0,0,0,0,1,0,0,0
981.89,3574.72,3,3,0,0.6,0,0,0,0,1,0,0,0,0,1,0,0,0,1,0,0,0
100.0,0.0,1,0,1,0.25,0,0,1,0,0,0,1,0,0,0,0,0,0,0,0,1,0
885.11,7878.28,8,5,3,0.35,0,0,0,0,1,0,0,0,0,1,1,0,0,0,0,0,0
1195.38,6300.04,11,9,2,0.55,0,0,1,0,0,0,0,0,0,1,0,0,1,0,0,0,1
7288.91,64857.58,9,8,1,0.8,0,1,0,0,0,1,0,0,0,0,0,1,0,0,0,0,1
967.72,2709.92,3,3,0,0.6,0,0,1,0,0,1,0,0,0,0,0,0,0,1,0,0,0
6040.49,30372.27,5,5,0,0.8,0,0,0,1,0,0,0,0,1,0,0,1,0,0,0,0,1
280.46,3375.65,5,2,3,0.35,0,0,0,0,1,0,0,0,0,1,1,0,0,0,0,0,0
618.78,6151.53,7,4,3,0.35,0,0,0,0,1,0,0,0,0,1,1,0,0,0,0,0,0
1585.24,6296.67,4,4,0,0.75,0,0,0,0,1,0,1,0,0,0,0,0,0,0,1,0,0
1744.92,6342.4,4,4,0,0.35,0,0,0,1,0,0,0,0,1,0,1,0,0,0,0,0,0
1190.46,1449.56,1,1,0,0.6,0,1,0,0,0,0,0,1,0,0,0,0,0,1,0,0,1
100.0,814.62,5,1,4,0.35,0,0,1,0,0,1,0,0,0,0,1,0,0,0,0,0,0
1720.42,1661.47,1,1,0,0.25,0,0,1,0,0,0,0,1,0,0,0,0,0,0,0,1,0
1877.24,10623.53,5,5,0,0.35,0,0,0,0,1,0,0,0,1,0,1,0,0,0,0,0,0
272.48,2080.97,3,3,0,0.6,0,0,1,0,0,0,0,0,1,0,0,0,0,1,0,0,0
366.19,3262.89,8,4,4,0.35,0,1,0,0,0,1,0,0,0,0,1,0,0,0,0,0,0
1924.28,8060.38,5,5,0,0.55,0,0,0,0,1,0,0,0,1,0,0,0,1,0,0,0,0
1311.64,3301.87,3,2,1,0.6,0,0,0,0,1,0,0,1,0,0,0,0,0,1,0,0,0
1530.51,8680.2,6,6,0,0.6,0,0,0,1,0,0,1,0,0,0,0,0,0,1,0,0,0
731.0,4618.01,5,4,1,0.25,0,0,0,0,1,1,0,0,0,0,0,0,0,0,0,1,0
652.75,4988.41,5,5,0,0.6,0,1,0,0,0,0,1,0,0,0,0,0,0,1,0,0,0
637.1,4485.11,6,4,2,0.6,0,1,0,0,0,0,0,0,1,0,0,0,0,1,0,0,0
873.06,4949.34,4,4,0,0.6,0,0,0,0,1,0,0,1,0,0,0,0,0,1,0,0,0
879.84,5723.51,7,6,1,0.55,0,1,0,0,0,0,1,0,0,0,0,0,1,0,0,0,0
1468.83,12443.07,7,7,0,0.75,0,0,1,0,0,1,0,0,0,0,0,0,0,0,1,0,1
749.88,3943.99,6,3,3,0.35,0,0,0,1,0,0,0,1,0,0,1,0,0,0,0,0,0
1082.02,11194.7,8,8,0,0.55,0,0,0,0,1,0,0,0,1,0,0,0,1,0,0,0,1
1316.3,15818.96,12,10,2,0.75,0,1,0,0,0,0,1,0,0,0,0,0,0,0,1,0,0
1804.35,12921.46,7,7,0,0.55,0,0,1,0,0,1,0,0,0,0,0,0,1,0,0,0,1
1705.46,6912.57,4,4,0,0.75,0,0,1,0,0,0,0,0,0,1,0,0,0,0,1,0,1
369.24,1602.0,2,2,0,0.55,0,0,0,0,1,0,0,0,0,1,0,0,1,0,0,0,0
839.05,3132.59,6,3,3,0.6,0,0,0,0,1,1,0,0,0,0,0,0,0,1,0,0,0
1090.96,3833.78,3,2,1,0.35,0,0,0,1,0,0,0,0,0,1,1,0,0,0,0,0,0
1753.25,22123.18,15,14,1,0.75,0,1,0,0,0,0,0,1,0,0,0,0,0,0,1,0,0
1334.67,7421.54,5,4,1,0.55,0,0,0,0,1,0,0,0,0,1,0,0,1,0,0,0,1
2003.17,4377.11,3,3,0,0.6,0,0,1,0,0,0,1,0,0,0,0,0,0,1,0,0,1
2466.93,17034.13,7,7,0,0.75,0,1,0,0,0,1,0,0,0,0,0,0,0,0,1,0,0
311.67,4139.1,8,3,5,0.35,0,0,0,1,0,1,0,0,0,0,1,0,0,0,0,0,0
209.28,1720.16,3,2,1,0.6,0,1,0,0,0,0,0,0,1,0,0,0,0,1,0,0,0
209.86,4583.18,7,3,4,0.35,0,0,0,0,1,0,0,1,0,0,1,0,0,0,0,0,0
928.19,8463.94,7,5,2,0.35,0,0,0,0,1,1,0,0,0,0,1,0,0,0,0,0,0
308.07,3730.25,6,5,1,0.6,0,0,0,0,1,0,0,1,0,0,0,0,0,1,0,0,1
1156.71,1578.83,2,2,0,0.55,0,0,0,0,1,0,0,1,0,0,0,0,1,0,0,0,1
1431.26,6124.58,5,5,0,0.55,0,0,0,1,0,0,0,0,0,1,0,0,1,0,0,0,1
613.36,4629.02,6,5,1,0.6,0,0,0,0,1,0,0,0,1,0,0,0,0,1,0,0,1
608.64,3878.95,5,4,1,0.55,0,1,0,0,0,0,0,0,1,0,0,0,1,0,0,0,0
9623.07,37921.23,4,4,0,0.8,0,0,0,0,1,0,1,0,0,0,0,1,0,0,0,0,0
902.04,5639.43,6,4,2,0.35,0,0,0,0,1,0,0,0,1,0,1,0,0,0,0,0,1
1241.2,12808.01,11,10,1,0.6,0,0,1,0,0,0,0,0,0,1,0,0,0,1,0,0,1
5587.26,61841.94,10,8,2,0.8,0,0,1,0,0,0,0,0,0,1,0,1,0,0,0,0,1
270.64,6456.97,9,6,3,0.35,0,1,0,0,0,1,0,0,0,0,1,0,0,0,0,0,0
864.29,8871.38,7,5,2,0.35,0,0,0,0,1,0,1,0,0,0,1,0,0,0,0,0,0
718.34,2759.72,3,2,1,0.25,0,0,1,0,0,1,0,0,0,0,0,0,0,0,0,1,1
820.72,7031.52,8,6,2,0.35,0,0,1,0,0,0,0,0,1,0,1,0,0,0,0,0,0
571.78,3322.0,6,3,3,0.55,0,0,1,0,0,0,1,0,0,0,0,0,1,0,0,0,0
738.67,3160.83,6,2,4,0.35,0,1,0,0,0,0,0,1,0,0,1,0,0,0,0,0,1
771.07,0.0,1,0,1,0.6,0,1,0,0,0,0,1,0,0,0,0,0,0,1,0,0,0
1361.99,10802.72,10,10,0,0.75,0,1,0,0,0,0,0,0,0,1,0,0,0,0,1,0,1
1535.55,9202.13,5,5,0,0.75,0,0,0,0,1,0,0,0,0,1,0,0,0,0,1,0,0
1342.11,6637.72,4,4,0,0.35,0,1,0,0,0,0,1,0,0,0,1,0,0,0,0,0,1
1470.51,7468.08,6,5,1,0.55,0,1,0,0,0,0,0,0,1,0,0,0,1,0,0,0,0
2337.99,17057.27,7,7,0,0.75,0,1,0,0,0,0,1,0,0,0,0,0,0,0,1,0,0
656.64,3966.69,9,4,5,0.35,0,0,0,0,1,0,0,0,0,1,1,0,0,0,0,0,0
1373.8,2596.01,2,2,0,0.6,0,0,0,0,1,0,0,0,1,0,0,0,0,1,0,0,1
1029.74,2743.81,5,2,3,0.35,0,1,0,0,0,0,0,0,0,1,1,0,0,0,0,0,0
7224.61,36417.59,5,5,0,0.8,0,1,0,0,0,1,0,0,0,0,0,1,0,0,0,0,0
1490.35,1271.54,1,1,0,0.55,0,1,0,0,0,0,0,0,1,0,0,0,1,0,0,0,1
4489.52,39027.67,7,6,1,0.8,0,1,0,0,0,0,0,1,0,0,0,1,0,0,0,0,1
847.52,5331.72,6,5,1,0.55,0,0,0,0,1,0,1,0,0,0,0,0,1,0,0,0,1
1488.19,3057.49,2,2,0,0.55,0,0,0,1,0,0,0,1,0,0,0,0,1,0,0,0,0
1513.43,2772.19,4,3,1,0.6,0,0,1,0,0,0,0,0,0,1,0,0,0,1,0,0,1
2400.85,10027.5,5,5,0,0.75,0,1,0,0,0,0,0,0,1,0,0,0,0,0,1,0,0
1884.34,8567.17,5,5,0,0.55,0,0,0,1,0,0,0,0,1,0,0,0,1,0,0,0,0
1544.94,2588.84,2,2,0,0.25,0,0,0,0,1,1,0,0,0,0,0,0,0,0,0,1,0
1321.27,8248.07,7,6,1,0.55,0,0,1,0,0,0,0,0,0,1,0,0,1,0,0,0,1
630.81,7761.35,7,7,0,0.75,0,0,1,0,0,0,1,0,0,0,0,0,0,0,1,0,0
550.15,1202.23,2,1,1,0.6,0,1,0,0,0,1,0,0,0,0,0,0,0,1,0,0,1
1027.41,8979.82,9,6,3,0.35,0,1,0,0,0,0,0,1,0,0,1,0,0,0,0,0,0
2051.87,19217.7,8,8,0,0.75,0,0,1,0,0,0,0,1,0,0,0,0,0,0,1,0,1
627.25,7336.4,9,5,4,0.35,0,0,0,1,0,0,0,0,1,0,1,0,0,0,0,0,1
941.54,2334.11,2,2,0,0.6,0,0,0,1,0,1,0,0,0,0,0,0,0,1,0,0,0
1099.94,8293.65,6,6,0,0.55,0,1,0,0,0,1,0,0,0,0,0,0,1,0,0,0,1
832.1,4681.48,4,4,0,0.6,0,0,0,1,0,0,0,0,1,0,0,0,0,1,0,0,0
939.44,5002.13,5,4,1,0.55,0,0,0,0,1,1,0,0,0,0,0,0,1,0,0,0,1
1001.26,5784.78,6,4,2,0.35,0,1,0,0,0,0,0,0,1,0,1,0,0,0,0,0,0
533.62,2930.75,4,3,1,0.35,0,0,1,0,0,0,0,0,0,1,1,0,0,0,0,0,1
1094.63,2814.26,2,2,0,0.6,0,0,0,0,1,0,0,0,1,0,0,0,0,1,0,0,1
2230.84,7937.12,4,4,0,0.25,0,0,0,0,1,0,0,1,0,0,0,0,0,0,0,1,1
939.29,2035.09,2,1,1,0.25,0,1,0,0,0,1,0,0,0,0,0,0,0,0,0,1,0
1028.17,3939.26,4,3,1,0.25,0,0,0,0,1,0,1,0,0,0,0,0,0,0,0,1,0
1953.89,3503.86,2,2,0,0.25,0,0,1,0,0,0,1,0,0,0,0,0,0,0,0,1,0
982.9,2694.89,3,3,0,0.6,0,0,1,0,0,1,0,0,0,0,0,0,0,1,0,0,1
1236.75,6472.61,5,5,0,0.55,0,0,1,0,0,0,0,1,0,0,0,0,1,0,0,0,0
2138.47,15836.55,8,7,1,0.25,0,0,0,1,0,1,0,0,0,0,0,0,0,0,0,1,0
902.84,2519.31,5,2,3,0.6,0,0,1,0,0,0,0,0,1,0,0,0,0,1,0,0,1
1235.09,4178.23,5,3,2,0.25,0,0,0,0,1,0,1,0,0,0,0,0,0,0,0,1,0
202.97,1499.46,3,2,1,0.6,0,0,0,1,0,0,1,0,0,0,0,0,0,1,0,0,0
2261.45,5827.46,3,3,0,0.55,0,0,0,1,0,0,0,0,0,1,0,0,1,0,0,0,1
1131.6,5723.51,7,6,1,0.55,0,0,0,0,1,0,0,1,0,0,0,0,1,0,0,0,1
1315.68,3862.72,4,3,1,0.55,0,0,1,0,0,0,0,1,0,0,0,0,1,0,0,0,0
4933.25,10116.42,2,1,1,0.8,0,0,1,0,0,1,0,0,0,0,0,1,0,0,0,0,1
825.44,1929.88,2,1,1,0.25,0,0,1,0,0,1,0,0,0,0,0,0,0,0,0,1,0
1676.57,17376.17,10,10,0,0.75,0,0,1,0,0,0,0,0,0,1,0,0,0,0,1,0,0
1146.77,6241.69,6,5,1,0.35,0,1,0,0,0,0,0,0,1,0,1,0,0,0,0,0,0
2394.33,10642.59,6,6,0,0.75,0,0,0,1,0,0,0,1,0,0,0,0,0,0,1,0,1
1009.7,6153.17,6,5,1,0.75,0,0,0,1,0,0,0,1,0,0,0,0,0,0,1,0,0
548.3,6514.87,8,6,2,0.35,0,0,0,0,1,0,1,0,0,0,1,0,0,0,0,0,1
1188.13,3523.35,4,3,1,0.35,0,0,0,1,0,0,1,0,0,0,1,0,0,0,0,0,0
720.4,13713.0,12,9,3,0.35,0,1,0,0,0,0,1,0,0,0,1,0,0,0,0,0,0
2255.89,8791.06,4,4,0,0.75,0,0,1,0,0,0,1,0,0,0,0,0,0,0,1,0,1
426.46,3520.15,6,3,3,0.35,0,0,0,1,0,0,0,1,0,0,1,0,0,0,0,0,0
1200.99,6544.57,5,4,1,0.55,0,0,1,0,0,0,0,0,1,0,0,0,1,0,0,0,0
640.12,3354.94,4,3,1,0.6,0,0,0,0,1,0,1,0,0,0,0,0,0,1,0,0,0
1556.36,7589.05,5,5,0,0.55,0,0,0,1,0,0,0,0,1,0,0,0,1,0,0,0,1
1717.96,2068.08,1,1,0,0.25,0,1,0,0,0,0,0,0,0,1,0,0,0,0,0,1,1
815.69,2618.47,4,2,2,0.6,0,0,0,0,1,0,1,0,0,0,0,0,0,1,0,0,0
507.54,5949.66,6,4,2,0.25,0,0,0,1,0,0,0,1,0,0,0,0,0,0,0,1,0
669.19,2931.34,5,4,1,0.6,0,0,1,0,0,1,0,0,0,0,0,0,0,1,0,0,0
882.02,2226.48,5,5,0,0.6,0,1,0,0,0,0,0,1,0,0,0,0,0,1,0,0,0
803.93,3696.09,4,4,0,0.55,0,0,0,1,0,1,0,0,0,0,0,0,1,0,0,0,1
990.66,9778.44,10,6,4,0.35,0,0,1,0,0,0,1,0,0,0,1,0,0,0,0,0,0
600.35,6112.84,7,5,2,0.35,0,0,0,0,1,0,0,0,1,0,1,0,0,0,0,0,1
1158.15,5318.4,5,3,2,0.25,0,0,0,1,0,0,0,1,0,0,0,0,0,0,0,1,0
2023.93,5570.93,3,3,0,0.55,0,1,0,0,0,0,0,0,0,1,0,0,1,0,0,0,0
1416.27,5958.71,4,4,0,0.55,0,0,1,0,0,1,0,0,0,0,0,0,1,0,0,0,0
712.27,3044.73,4,2,2,0.35,0,0,0,1,0,0,1,0,0,0,1,0,0,0,0,0,0
560.07,1441.61,2,2,0,0.55,0,0,1,0,0,1,0,0,0,0,0,0,1,0,0,0,0
1099.42,4147.4,3,2,1,0.25,0,0,1,0,0,1,0,0,0,0,0,0,0,0,0,1,0
131.31,1775.39,7,4,3,0.35,0,0,0,0,1,0,0,1,0,0,1,0,0,0,0,0,0
2531.44,6639.91,3,3,0,0.75,0,0,0,0,1,0,0,1,0,0,0,0,0,0,1,0,0
2152.03,1613.44,1,1,0,0.25,0,0,0,1,0,0,0,0,1,0,0,0,0,0,0,1,0
1034.32,8074.4,9,6,3,0.35,0,0,0,0,1,0,0,1,0,0,1,0,0,0,0,0,1
1161.83,9366.72,12,8,4,0.35,0,0,0,1,0,0,1,0,0,0,1,0,0,0,0,0,0
1494.88,5634.92,5,4,1,0.35,0,0,0,1,0,1,0,0,0,0,1,0,0,0,0,0,0
1103.48,14116.58,11,10,1,0.35,0,1,0,0,0,0,0,1,0,0,1,0,0,0,0,0,0
1837.88,5396.79,3,3,0,0.55,0,1,0,0,0,1,0,0,0,0,0,0,1,0,0,0,0
1440.98,5185.11,5,5,0,0.6,0,0,0,0,1,0,1,0,0,0,0,0,0,1,0,0,1
924.18,4763.57,9,4,5,0.35,0,0,0,1,0,0,0,1,0,0,1,0,0,0,0,0,1
1494.63,8923.36,5,5,0,0.35,0,0,0,1,0,0,0,1,0,0,1,0,0,0,0,0,0
1431.64,9094.2,8,6,2,0.55,0,0,1,0,0,0,1,0,0,0,0,0,1,0,0,0,1
820.41,3709.4,4,4,0,0.6,0,1,0,0,0,0,1,0,0,0,0,0,0,1,0,0,0
1548.29,5399.82,4,4,0,0.25,0,1,0,0,0,0,0,1,0,0,0,0,0,0,0,1,0
456.51,1775.39,7,4,3,0.35,0,1,0,0,0,0,0,0,0,1,1,0,0,0,0,0,0
1650.9,3815.45,3,3,0,0.55,0,1,0,0,0,0,0,1,0,0,0,0,1,0,0,0,1
635.93,1729.9,2,1,1,0.25,0,0,0,1,0,1,0,0,0,0,0,0,0,0,0,1,0
100.0,1857.52,7,4,3,0.35,0,0,0,1,0,1,0,0,0,0,1,0,0,0,0,0,0
1207.01,2866.02,2,2,0,0.35,0,0,1,0,0,1,0,0,0,0,1,0,0,0,0,0,1
224.81,2457.23,4,2,2,0.6,0,0,1,0,0,1,0,0,0,0,0,0,0,1,0,0,0
423.89,2735.22,7,2,5,0.35,0,1,0,0,0,0,0,0,1,0,1,0,0,0,0,0,0
458.08,2364.5,3,3,0,0.6,0,1,0,0,0,0,0,1,0,0,0,0,0,1,0,0,1
730.75,1649.45,3,2,1,0.35,0,0,0,1,0,0,0,1,0,0,1,0,0,0,0,0,0
1834.13,30992.91,17,17,0,0.75,0,0,0,1,0,1,0,0,0,0,0,0,0,0,1,0,0
6371.77,31613.13,5,3,2,0.8,0,0,0,1,0,0,0,0,0,1,0,1,0,0,0,0,1
6443.28,46911.89,7,6,1,0.8,0,1,0,0,0,0,0,0,1,0,0,1,0,0,0,0,1
100.0,3655.61,5,2,3,0.35,0,0,0,1,0,0,0,1,0,0,1,0,0,0,0,0,0
1642.34,6856.71,5,4,1,0.35,0,0,0,1,0,1,0,0,0,0,1,0,0,0,0,0,1
613.87,3899.34,8,3,5,0.35,0,1,0,0,0,0,1,0,0,0,1,0,0,0,0,0,0
1279.29,6397.07,4,4,0,0.55,0,1,0,0,0,0,0,0,1,0,0,0,1,0,0,0,1
761.85,3760.78,4,3,1,0.25,0,0,1,0,0,1,0,0,0,0,0,0,0,0,0,1,0
1678.06,5965.46,3,3,0,0.25,0,0,0,1,0,0,0,0,1,0,0,0,0,0,0,1,0
1069.34,9202.73,9,8,1,0.55,0,1,0,0,0,0,0,1,0,0,0,0,1,0,0,0,1
1066.99,7013.35,7,6,1,0.6,0,0,1,0,0,0,0,0,1,0,0,0,0,1,0,0,0
351.64,6168.17,8,7,1,0.6,0,0,0,1,0,0,0,0,1,0,0,0,0,1,0,0,1
1099.47,6073.45,5,4,1,0.6,0,1,0,0,0,0,0,0,0,1,0,0,0,1,0,0,0
789.81,2355.0,2,2,0,0.6,0,0,1,0,0,0,0,1,0,0,0,0,0,1,0,0,0
637.44,3040.69,4,4,0,0.25,0,0,1,0,0,0,0,1,0,0,0,0,0,0,0,1,0
876.17,7459.64,8,4,4,0.35,0,0,0,0,1,0,1,0,0,0,1,0,0,0,0,0,1
1496.89,3295.84,3,3,0,0.55,0,0,1,0,0,0,1,0,0,0,0,0,1,0,0,0,1
1877.41,11548.48,7,6,1,0.55,0,0,1,0,0,1,0,0,0,0,0,0,1,0,0,0,0
953.22,5639.43,6,4,2,0.35,0,0,1,0,0,0,0,1,0,0,1,0,0,0,0,0,1
744.3,3736.29,5,4,1,0.55,0,0,0,0,1,1,0,0,0,0,0,0,1,0,0,0,0
312.58,2038.5,4,3,1,0.6,0,0,0,1,0,1,0,0,0,0,0,0,0,1,0,0,0
847.79,3696.09,4,4,0,0.55,0,0,1,0,0,0,0,1,0,0,0,0,1,0,0,0,1
206.22,2024.01,5,2,3,0.35,0,1,0,0,0,0,0,0,0,1,1,0,0,0,0,0,0
8274.38,68606.51,8,8,0,0.8,0,1,0,0,0,1,0,0,0,0,0,1,0,0,0,0,1
1556.64,6895.88,5,5,0,0.55,0,0,0,0,1,1,0,0,0,0,0,0,1,0,0,0,0
7513.47,45853.19,6,6,0,0.8,0,1,0,0,0,0,0,0,1,0,0,1,0,0,0,0,0
1792.59,4187.35,3,3,0,0.6,0,0,0,0,1,0,1,0,0,0,0,0,0,1,0,0,0
2124.62,13419.14,7,6,1,0.75,0,0,1,0,0,0,0,1,0,0,0,0,0,0,1,0,1
1355.84,4769.52,5,5,0,0.55,0,0,1,0,0,0,0,1,0,0,0,0,1,0,0,0,1
1648.6,8103.61,4,4,0,0.75,0,0,0,1,0,0,0,0,0,1,0,0,0,0,1,0,0
1389.43,13812.11,9,8,1,0.55,0,1,0,0,0,0,0,0,1,0,0,0,1,0,0,0,1
891.37,2328.26,4,3,1,0.25,0,0,0,1,0,1,0,0,0,0,0,0,0,0,0,1,0
986.01,6100.05,8,6,2,0.35,0,1,0,0,0,1,0,0,0,0,1,0,0,0,0,0,1
557.53,3320.28,5,3,2,0.6,0,1,0,0,0,0,0,1,0,0,0,0,0,1,0,0,1
2368.06,11461.93,5,5,0,0.75,0,0,1,0,0,0,0,0,0,1,0,0,0,0,1,0,0
2294.19,4137.52,2,2,0,0.35,0,0,1,0,0,0,0,1,0,0,1,0,0,0,0,0,1
1650.45,20800.06,13,13,0,0.75,0,1,0,0,0,0,0,0,1,0,0,0,0,0,1,0,0
861.51,7109.98,8,6,2,0.35,0,1,0,0,0,0,0,0,1,0,1,0,0,0,0,0,1
9664.95,37446.97,4,4,0,0.8,0,0,0,0,1,0,1,0,0,0,0,1,0,0,0,0,0
789.93,4739.77,5,5,0,0.6,0,0,1,0,0,0,0,0,1,0,0,0,0,1,0,0,1
1218.31,5107.17,3,3,0,0.25,0,1,0,0,0,0,0,0,0,1,0,0,0,0,0,1,1
431.67,3655.61,5,2,3,0.35,0,1,0,0,0,1,0,0,0,0,1,0,0,0,0,0,0
1730.9,5900.14,4,4,0,0.25,0,0,0,1,0,0,0,1,0,0,0,0,0,0,0,1,0
869.28,3953.5,5,5,0,0.6,0,0,0,0,1,0,0,0,0,1,0,0,0,1,0,0,1
878.1,570.96,1,1,0,0.55,0,0,1,0,0,1,0,0,0,0,0,0,1,0,0,0,1
163.16,4143.35,8,4,4,0.35,0,0,0,1,0,0,1,0,0,0,1,0,0,0,0,0,0
5401.69,17585.08,3,3,0,0.8,0,0,0,1,0,0,0,0,0,1,0,1,0,0,0,0,0
752.31,4177.72,5,3,2,0.6,0,0,1,0,0,0,0,0,0,1,0,0,0,1,0,0,0
379.01,8060.17,12,6,6,0.35,0,0,0,0,1,0,0,0,1,0,1,0,0,0,0,0,0
2035.99,9581.2,5,5,0,0.25,0,1,0,0,0,0,0,0,1,0,0,0,0,0,0,1,0
320.83,8782.95,13,12,1,0.25,0,1,0,0,0,0,0,0,1,0,0,0,0,0,0,1,0
985.91,2392.73,2,2,0,0.25,0,0,1,0,0,0,0,1,0,0,0,0,0,0,0,1,0
1386.55,2968.76,2,2,0,0.25,0,0,1,0,0,1,0,0,0,0,0,0,0,0,0,1,0
2142.0,16477.83,7,7,0,0.75,0,1,0,0,0,0,1,0,0,0,0,0,0,0,1,0,1
969.6,4594.71,4,4,0,0.55,0,1,0,0,0,0,0,0,0,1,0,0,1,0,0,0,1
1305.88,7409.35,5,5,0,0.55,0,0,0,1,0,0,1,0,0,0,0,0,1,0,0,0,0
2647.97,12817.02,6,5,1,0.75,0,0,1,0,0,0,0,0,0,1,0,0,0,0,1,0,0
6226.12,41314.85,7,7,0,0.8,0,0,0,1,0,0,0,1,0,0,0,1,0,0,0,0,1
795.35,3008.6,4,2,2,0.6,0,0,0,1,0,0,0,0,0,1,0,0,0,1,0,0,1
1609.03,5246.58,3,3,0,0.55,0,0,0,1,0,0,0,0,0,1,0,0,1,0,0,0,1
666.01,3381.52,5,4,1,0.6,0,0,0,1,0,0,0,1,0,0,0,0,0,1,0,0,0
2129.23,15931.97,7,7,0,0.75,0,0,0,0,1,0,0,1,0,0,0,0,0,0,1,0,0
878.29,7750.43,8,6,2,0.6,0,0,0,1,0,0,0,0,0,1,0,0,0,1,0,0,0
1095.71,3628.86,5,3,2,0.55,0,0,0,1,0,0,0,1,0,0,0,0,1,0,0,0,0
1835.43,3653.6,2,2,0,0.6,0,0,1,0,0,1,0,0,0,0,0,0,0,1,0,0,0
892.72,6611.52,6,5,1,0.35,0,1,0,0,0,0,1,0,0,0,1,0,0,0,0,0,0
327.54,2695.83,5,2,3,0.6,0,1,0,0,0,0,1,0,0,0,0,0,0,1,0,0,1
355.9,9576.88,12,10,2,0.35,0,0,0,0,1,1,0,0,0,0,1,0,0,0,0,0,0
1016.09,2785.56,3,3,0,0.6,0,0,0,1,0,0,0,0,1,0,0,0,0,1,0,0,0
848.48,2957.57,4,2,2,0.25,0,0,1,0,0,0,0,0,0,1,0,0,0,0,0,1,0
2324.18,9247.1,5,5,0,0.25,0,0,1,0,0,0,0,0,0,1,0,0,0,0,0,1,0
1127.73,5052.9,6,5,1,0.6,0,0,1,0,0,0,1,0,0,0,0,0,0,1,0,0,1
100.0,3452.65,7,4,3,0.35,0,0,0,1,0,1,0,0,0,0,1,0,0,0,0,0,0
300.45,0.0,1,0,1,0.35,0,0,1,0,0,1,0,0,0,0,1,0,0,0,0,0,0
604.41,6334.04,7,5,2,0.35,0,0,0,1,0,0,0,0,1,0,1,0,0,0,0,0,0
321.56,2430.59,5,3,2,0.6,0,0,0,1,0,0,0,0,0,1,0,0,0,1,0,0,0
1330.53,13765.6,10,10,0,0.75,0,0,0,1,0,1,0,0,0,0,0,0,0,0,1,0,1
972.87,1876.05,3,1,2,0.25,0,0,0,0,1,1,0,0,0,0,0,0,0,0,0,1,1
10509.62,61624.04,6,6,0,0.8,0,0,1,0,0,0,0,0,1,0,0,1,0,0,0,0,1
497.26,4143.35,8,4,4,0.35,0,0,1,0,0,0,0,1,0,0,1,0,0,0,0,0,0
315.46,2788.17,3,2,1,0.25,0,0,1,0,0,0,0,0,0,1,0,0,0,0,0,1,1
661.17,4689.75,5,3,2,0.55,0,0,0,1,0,0,0,0,1,0,0,0,1,0,0,0,1
522.14,7336.4,9,5,4,0.35,0,0,1,0,0,0,1,0,0,0,1,0,0,0,0,0,0
1580.05,14222.81,8,8,0,0.75,0,0,0,1,0,0,0,1,0,0,0,0,0,0,1,0,1
658.81,3186.42,6,4,2,0.6,0,0,0,1,0,0,0,1,0,0,0,0,0,1,0,0,0
759.07,1769.08,2,2,0,0.6,0,0,0,1,0,0,0,0,0,1,0,0,0,1,0,0,0
1452.1,2827.95,2,2,0,0.25,0,0,1,0,0,0,1,0,0,0,0,0,0,0,0,1,0
1036.36,8060.17,12,6,6,0.35,0,0,0,0,1,0,0,0,1,0,1,0,0,0,0,0,1
677.74,4767.14,6,3,3,0.35,0,0,0,0,1,0,0,0,1,0,1,0,0,0,0,0,0
1377.24,1209.22,1,1,0,0.25,0,0,0,0,1,0,1,0,0,0,0,0,0,0,0,1,0
1233.86,6856.71,5,4,1,0.35,0,0,1,0,0,1,0,0,0,0,1,0,0,0,0,0,0
1242.64,6151.53,7,4,3,0.35,0,0,0,0,1,0,0,0,0,1,1,0,0,0,0,0,0
1137.62,13477.52,10,8,2,0.25,0,0,0,0,1,0,1,0,0,0,0,0,0,0,0,1,0
1643.81,22198.3,11,11,0,0.75,0,0,0,0,1,0,0,0,0,1,0,0,0,0,1,0,0
1153.81,11719.21,8,8,0,0.75,0,0,1,0,0,0,0,0,1,0,0,0,0,0,1,0,1
394.18,2213.39,4,3,1,0.6,0,0,1,0,0,0,0,1,0,0,0,0,0,1,0,0,1
588.23,10056.36,10,8,2,0.35,0,0,0,1,0,1,0,0,0,0,1,0,0,0,0,0,0
1264.29,6824.31,5,5,0,0.6,0,0,0,0,1,0,1,0,0,0,0,0,0,1,0,0,1
919.0,3527.84,3,2,1,0.25,0,0,1,0,0,0,0,0,0,1,0,0,0,0,0,1,0
1255.04,5600.11,5,5,0,0.6,0,0,0,0,1,0,1,0,0,0,0,0,0,1,0,0,0
2336.93,11049.28,5,5,0,0.25,0,1,0,0,0,0,1,0,0,0,0,0,0,0,0,1,0
756.53,5327.16,5,3,2,0.25,0,0,0,0,1,0,0,1,0,0,0,0,0,0,0,1,0
326.24,3678.93,6,5,1,0.35,0,0,1,0,0,0,0,1,0,0,1,0,0,0,0,0,0
1422.9,11603.81,10,10,0,0.75,0,0,1,0,0,0,1,0,0,0,0,0,0,0,1,0,0
1096.11,1213.39,2,1,1,0.6,0,0,1,0,0,0,0,0,1,0,0,0,0,1,0,0,0
893.79,10583.79,10,8,2,0.25,0,0,1,0,0,0,0,1,0,0,0,0,0,0,0,1,1
748.91,3491.46,3,3,0,0.6,0,0,0,1,0,0,0,1,0,0,0,0,0,1,0,0,1
945.01,2573.38,5,5,0,0.75,0,0,0,0,1,0,0,0,0,1,0,0,0,0,1,0,0
1023.65,5221.29,5,4,1,0.55,0,0,1,0,0,0,0,0,0,1,0,0,1,0,0,0,1
928.04,2941.01,4,2,2,0.55,0,0,0,1,0,0,1,0,0,0,0,0,1,0,0,0,0
1263.84,8871.38,7,5,2,0.35,0,0,0,1,0,0,0,0,0,1,1,0,0,0,0,0,0
1403.65,9682.84,5,5,0,0.55,0,1,0,0,0,0,0,1,0,0,0,0,1,0,0,0,0
878.24,13713.0,12,9,3,0.35,0,0,0,1,0,0,0,0,1,0,1,0,0,0,0,0,1
1174.78,11353.11,9,8,1,0.75,0,1,0,0,0,0,1,0,0,0,0,0,0,0,1,0,0
1456.27,7421.54,5,4,1,0.55,0,0,1,0,0,0,0,0,1,0,0,0,1,0,0,0,1
1409.77,3496.5,3,2,1,0.55,0,1,0,0,0,0,0,0,1,0,0,0,1,0,0,0,0
1272.67,2036.73,2,2,0,0.6,0,1,0,0,0,0,1,0,0,0,0,0,0,1,0,0,0
546.08,2545.46,5,4,1,0.6,0,0,0,1,0,0,0,1,0,0,0,0,0,1,0,0,1
1196.6,3094.42,3,3,0,0.6,0,0,0,0,1,0,1,0,0,0,0,0,0,1,0,0,1
4361.6,20410.41,5,4,1,0.8,0,1,0,0,0,1,0,0,0,0,0,1,0,0,0,0,1
1628.36,8769.06,6,5,1,0.35,0,0,0,1,0,0,0,0,1,0,1,0,0,0,0,0,0
894.37,3983.7,4,2,2,0.6,0,0,1,0,0,0,0,0,1,0,0,0,0,1,0,0,0
1850.8,5137.07,3,3,0,0.25,0,0,0,0,1,0,0,0,0,1,0,0,0,0,0,1,0
1655.46,1738.84,1,1,0,0.6,0,1,0,0,0,0,0,0,0,1,0,0,0,1,0,0,1
712.78,9492.48,9,8,1,0.6,0,1,0,0,0,0,0,0,1,0,0,0,0,1,0,0,0
1395.76,10942.51,6,6,0,0.55,0,1,0,0,0,0,0,1,0,0,0,0,1,0,0,0,0
1442.62,4154.9,4,4,0,0.6,0,0,0,0,1,0,0,1,0,0,0,0,0,1,0,0,1
1997.1,1744.76,1,1,0,0.25,0,0,0,0,1,0,0,0,0,1,0,0,0,0,0,1,0
1121.96,3300.39,3,3,0,0.55,0,1,0,0,0,0,0,0,1,0,0,0,1,0,0,0,0
1264.0,1885.18,2,2,0,0.55,0,0,0,1,0,0,0,0,1,0,0,0,1,0,0,0,1
1429.17,7892.31,6,6,0,0.75,0,0,0,1,0,0,1,0,0,0,0,0,0,0,1,0,1
1801.23,11632.58,6,6,0,0.75,0,0,0,0,1,0,0,0,1,0,0,0,0,0,1,0,0
777.42,2781.98,3,2,1,0.55,0,0,0,0,1,0,0,1,0,0,0,0,1,0,0,0,1
1019.59,5714.25,7,4,3,0.6,0,0,0,0,1,0,0,1,0,0,0,0,0,1,0,0,0
763.64,4437.71,5,3,2,0.35,0,0,0,1,0,0,0,0,1,0,1,0,0,0,0,0,0
1250.42,4295.69,4,4,0,0.6,0,1,0,0,0,0,0,0,0,1,0,0,0,1,0,0,0
1030.92,11318.6,9,6,3,0.35,0,0,0,1,0,0,0,0,1,0,1,0,0,0,0,0,0
1745.11,1766.34,1,1,0,0.55,0,0,1,0,0,0,0,0,0,1,0,0,1,0,0,0,0
1012.01,1165.72,1,1,0,0.6,0,0,1,0,0,0,0,1,0,0,0,0,0,1,0,0,1
2154.57,6212.14,3,3,0,0.25,0,1,0,0,0,0,0,0,1,0,0,0,0,0,0,1,0
1600.47,10089.54,5,5,0,0.55,0,0,0,1,0,0,1,0,0,0,0,0,1,0,0,0,1
1521.94,9519.04,6,6,0,0.75,0,0,0,1,0,1,0,0,0,0,0,0,0,0,1,0,0
3765.22,23255.33,6,5,1,0.8,0,0,1,0,0,1,0,0,0,0,0,1,0,0,0,0,0
1436.56,10467.9,13,7,6,0.35,0,0,1,0,0,0,0,0,0,1,1,0,0,0,0,0,0
1316.46,5984.96,5,4,1,0.55,0,0,1,0,0,1,0,0,0,0,0,0,1,0,0,0,0
100.0,2509.46,6,3,3,0.35,0,1,0,0,0,0,0,0,1,0,1,0,0,0,0,0,0
1414.1,9808.25,8,7,1,0.25,0,0,0,1,0,0,0,0,1,0,0,0,0,0,0,1,0
948.54,4194.74,5,5,0,0.6,0,0,0,1,0,0,0,0,0,1,0,0,0,1,0,0,1
100.0,2558.17,6,6,0,0.6,0,0,1,0,0,0,1,0,0,0,0,0,0,1,0,0,0
100.0,5055.78,12,7,5,0.35,0,0,0,0,1,0,0,0,1,0,1,0,0,0,0,0,0
1578.62,5736.94,4,4,0,0.55,0,0,1,0,0,1,0,0,0,0,0,0,1,0,0,0,0
845.43,6686.27,6,6,0,0.55,0,0,0,1,0,0,1,0,0,0,0,0,1,0,0,0,0
886.62,6545.38,7,6,1,0.35,0,1,0,0,0,0,1,0,0,0,1,0,0,0,0,0,0
988.43,0.0,1,0,1,0.25,0,1,0,0,0,0,1,0,0,0,0,0,0,0,0,1,0
1224.84,2656.25,2,2,0,0.35,0,0,1,0,0,0,1,0,0,0,1,0,0,0,0,0,0
11627.43,79757.32,7,7,0,0.8,0,0,1,0,0,1,0,0,0,0,0,1,0,0,0,0,1
1566.53,7447.04,7,6,1,0.55,0,0,0,1,0,0,0,0,1,0,0,0,1,0,0,0,0
578.03,2677.09,4,2,2,0.6,0,1,0,0,0,0,0,0,1,0,0,0,0,1,0,0,0
1868.26,5149.95,4,3,1,0.25,0,1,0,0,0,0,0,0,1,0,0,0,0,0,0,1,0
1288.35,3536.64,4,3,1,0.35,0,0,1,0,0,0,0,0,1,0,1,0,0,0,0,0,0
859.8,2861.41,3,3,0,0.6,0,0,0,1,0,1,0,0,0,0,0,0,0,1,0,0,0
2126.37,10330.06,8,6,2,0.55,0,0,0,1,0,1,0,0,0,0,0,0,1,0,0,0,0
1353.77,2861.41,3,3,0,0.6,0,0,1,0,0,0,0,0,0,1,0,0,0,1,0,0,0
1810.39,10090.44,7,7,0,0.55,0,0,0,1,0,1,0,0,0,0,0,0,1,0,0,0,0
495.95,7167.58,5,4,1,0.55,0,0,0,1,0,0,0,0,1,0,0,0,1,0,0,0,0
524.11,3561.64,4,4,0,0.6,0,0,0,1,0,0,0,0,1,0,0,0,0,1,0,0,0
7857.92,58823.55,8,8,0,0.8,0,1,0,0,0,0,0,0,1,0,0,1,0,0,0,0,0
1053.83,9560.42,11,7,4,0.35,0,0,0,1,0,0,1,0,0,0,1,0,0,0,0,0,0
735.11,5968.7,5,5,0,0.6,0,0,0,1,0,0,1,0,0,0,0,0,0,1,0,0,0
1714.93,9505.66,6,6,0,0.55,0,1,0,0,0,0,0,0,0,1,0,0,1,0,0,0,0
461.33,1852.15,5,5,0,0.55,0,0,0,0,1,1,0,0,0,0,0,0,1,0,0,0,0
1618.25,7134.39,6,4,2,0.55,0,0,0,0,1,0,0,0,1,0,0,0,1,0,0,0,1
4289.88,12049.4,3,2,1,0.8,0,1,0,0,0,1,0,0,0,0,0,1,0,0,0,0,0
1083.08,7878.28,8,5,3,0.35,0,0,0,0,1,0,0,1,0,0,1,0,0,0,0,0,0
877.18,4601.08,9,5,4,0.35,0,0,0,1,0,0,1,0,0,0,1,0,0,0,0,0,0
1106.79,1688.97,2,2,0,0.55,0,0,0,1,0,0,0,0,1,0,0,0,1,0,0,0,1
871.54,6335.37,7,5,2,0.25,0,0,0,0,1,0,0,0,0,1,0,0,0,0,0,1,1
1035.1,4102.66,4,3,1,0.35,0,0,1,0,0,1,0,0,0,0,1,0,0,0,0,0,0
1349.57,4142.95,4,3,1,0.35,0,0,0,0,1,0,0,1,0,0,1,0,0,0,0,0,0
636.52,10630.73,8,7,1,0.75,0,1,0,0,0,1,0,0,0,0,0,0,0,0,1,0,0
853.44,14425.04,13,13,0,0.75,0,1,0,0,0,1,0,0,0,0,0,0,0,0,1,0,0
976.02,7256.11,6,6,0,0.25,0,1,0,0,0,0,0,0,0,1,0,0,0,0,0,1,0
1308.38,18596.09,13,12,1,0.75,0,1,0,0,0,0,0,0,1,0,0,0,0,0,1,0,0
779.91,4139.1,8,3,5,0.35,0,0,0,1,0,0,1,0,0,0,1,0,0,0,0,0,0
100.0,5065.72,8,5,3,0.35,0,1,0,0,0,0,0,1,0,0,1,0,0,0,0,0,0
665.74,1230.18,2,1,1,0.25,0,0,0,0,1,0,1,0,0,0,0,0,0,0,0,1,0
449.83,1775.39,7,4,3,0.35,0,0,0,1,0,0,0,0,1,0,1,0,0,0,0,0,0
1340.75,4732.94,6,6,0,0.6,0,0,1,0,0,0,1,0,0,0,0,0,0,1,0,0,0
1273.26,8769.06,6,5,1,0.35,0,0,0,0,1,0,0,0,0,1,1,0,0,0,0,0,1
3404.08,26435.33,8,5,3,0.8,0,0,1,0,0,0,0,0,1,0,0,1,0,0,0,0,0
4969.68,32184.22,7,6,1,0.8,0,0,1,0,0,1,0,0,0,0,0,1,0,0,0,0,0
1839.56,9314.02,5,5,0,0.75,0,1,0,0,0,1,0,0,0,0,0,0,0,0,1,0,1
421.86,2361.58,2,2,0,0.55,0,0,0,0,1,0,0,0,0,1,0,0,1,0,0,0,1
951.13,4634.5,6,3,3,0.35,0,1,0,0,0,0,0,0,0,1,1,0,0,0,0,0,0
1455.53,8769.06,6,5,1,0.35,0,1,0,0,0,0,0,0,0,1,1,0,0,0,0,0,1
1403.39,4552.37,4,3,1,0.6,0,0,0,0,1,0,0,1,0,0,0,0,0,1,0,0,1
1337.78,11413.39,9,9,0,0.55,0,0,0,0,1,1,0,0,0,0,0,0,1,0,0,0,0
2031.67,14126.6,10,9,1,0.75,0,0,1,0,0,0,0,0,1,0,0,0,0,0,1,0,1
993.65,7992.1,8,6,2,0.35,0,0,0,1,0,0,0,0,1,0,1,0,0,0,0,0,1
6880.82,45631.59,7,7,0,0.8,0,0,0,1,0,0,0,0,0,1,0,1,0,0,0,0,1
1468.28,9616.97,8,6,2,0.35,0,0,1,0,0,0,0,1,0,0,1,0,0,0,0,0,1
1382.92,5179.75,5,5,0,0.6,0,0,1,0,0,0,0,1,0,0,0,0,0,1,0,0,0
896.28,1410.51,1,1,0,0.55,0,0,1,0,0,0,0,1,0,0,0,0,1,0,0,0,1
1087.86,9938.19,7,6,1,0.25,0,0,1,0,0,0,0,0,0,1,0,0,0,0,0,1,1
1480.52,13713.0,12,9,3,0.35,0,0,1,0,0,0,1,0,0,0,1,0,0,0,0,0,0
586.41,2430.4,3,3,0,0.6,0,0,0,1,0,1,0,0,0,0,0,0,0,1,0,0,0
1149.36,5619.32,6,6,0,0.6,0,1,0,0,0,0,0,0,1,0,0,0,0,1,0,0,0
557.68,6599.09,9,7,2,0.6,0,0,1,0,0,0,0,0,0,1,0,0,0,1,0,0,1
873.88,2036.73,2,2,0,0.6,0,0,0,1,0,0,1,0,0,0,0,0,0,1,0,0,0
1753.31,12735.96,6,6,0,0.75,0,0,0,0,1,0,1,0,0,0,0,0,0,0,1,0,0
535.29,1899.09,4,3,1,0.6,0,1,0,0,0,0,0,1,0,0,0,0,0,1,0,0,1
1187.2,7572.78,10,7,3,0.35,0,0,0,1,0,0,0,1,0,0,1,0,0,0,0,0,0
1911.68,5251.61,3,3,0,0.55,0,0,0,0,1,0,0,0,1,0,0,0,1,0,0,0,1
783.76,4210.54,5,5,0,0.75,0,0,0,0,1,0,1,0,0,0,0,0,0,0,1,0,1
1147.58,5087.3,5,4,1,0.6,0,0,0,1,0,1,0,0,0,0,0,0,0,1,0,0,1
251.71,2684.95,11,7,4,0.35,0,0,1,0,0,0,0,0,1,0,1,0,0,0,0,0,0
1244.0,1697.74,2,2,0,0.25,0,0,0,0,1,0,0,0,0,1,0,0,0,0,0,1,0
11122.03,87887.28,8,8,0,0.8,0,1,0,0,0,0,0,0,0,1,0,1,0,0,0,0,0
676.32,4332.54,6,5,1,0.6,0,0,0,0,1,0,0,0,1,0,0,0,0,1,0,0,0
1293.17,4221.26,4,3,1,0.6,0,0,1,0,0,0,0,1,0,0,0,0,0,1,0,0,1
1304.77,5235.1,6,4,2,0.6,0,1,0,0,0,0,0,1,0,0,0,0,0,1,0,0,0
1672.63,18116.28,10,10,0,0.55,0,0,0,1,0,0,0,0,0,1,0,0,1,0,0,0,0
632.22,4289.88,5,3,2,0.6,0,1,0,0,0,0,0,0,0,1,0,0,0,1,0,0,1
1184.58,8882.08,9,7,2,0.55,0,0,0,1,0,1,0,0,0,0,0,0,1,0,0,0,0
5815.07,28125.98,5,5,0,0.8,0,0,0,1,0,1,0,0,0,0,0,1,0,0,0,0,0
1898.12,2893.77,2,2,0,0.55,0,0,1,0,0,0,0,0,0,1,0,0,1,0,0,0,1
1135.47,4732.94,6,6,0,0.6,0,0,1,0,0,0,0,0,1,0,0,0,0,1,0,0,1
596.65,4915.4,8,4,4,0.35,0,0,0,1,0,0,1,0,0,0,1,0,0,0,0,0,1
940.78,7505.21,6,5,1,0.55,0,0,1,0,0,0,0,0,1,0,0,0,1,0,0,0,0
1784.78,1785.23,1,1,0,0.25,0,0,0,0,1,0,0,1,0,0,0,0,0,0,0,1,1
1193.64,5860.53,6,6,0,0.55,0,1,0,0,0,1,0,0,0,0,0,0,1,0,0,0,1
629.41,1334.84,5,1,4,0.35,0,0,1,0,0,0,0,0,0,1,1,0,0,0,0,0,0
518.42,9390.8,14,12,2,0.35,0,0,0,0,1,0,0,0,1,0,1,0,0,0,0,0,1
654.54,3361.62,4,3,1,0.6,0,0,1,0,0,0,1,0,0,0,0,0,0,1,0,0,0
918.3,5293.88,4,4,0,0.55,0,0,0,0,1,0,0,1,0,0,0,0,1,0,0,0,0
892.86,6419.24,5,4,1,0.55,0,0,0,1,0,0,1,0,0,0,0,0,1,0,0,0,1
2049.58,12731.26,7,7,0,0.75,0,0,0,1,0,0,0,0,1,0,0,0,0,0,1,0,0
2269.9,22360.47,12,12,0,0.75,0,0,1,0,0,0,0,1,0,0,0,0,0,0,1,0,1
2128.99,3868.53,2,2,0,0.25,0,0,0,1,0,1,0,0,0,0,0,0,0,0,0,1,0
889.28,6545.38,7,6,1,0.35,0,0,0,0,1,0,0,0,0,1,1,0,0,0,0,0,1
698.84,4700.0,8,3,5,0.25,0,1,0,0,0,1,0,0,0,0,0,0,0,0,0,1,0
979.33,5337.74,6,5,1,0.35,0,0,0,0,1,0,0,1,0,0,1,0,0,0,0,0,1
1111.82,1987.51,2,1,1,0.55,0,0,0,0,1,0,0,0,1,0,0,0,1,0,0,0,0
335.68,1121.4,4,1,3,0.35,0,1,0,0,0,0,0,0,0,1,1,0,0,0,0,0,0
870.06,7493.98,10,10,0,0.55,0,0,0,0,1,0,0,0,0,1,0,0,1,0,0,0,1
658.35,2895.89,6,2,4,0.35,0,0,0,1,0,0,0,0,0,1,1,0,0,0,0,0,0
1330.12,1649.71,1,1,0,0.25,0,1,0,0,0,0,0,0,1,0,0,0,0,0,0,1,0
1144.88,2576.12,5,2,3,0.35,0,1,0,0,0,1,0,0,0,0,1,0,0,0,0,0,0
290.64,1499.46,3,2,1,0.6,0,1,0,0,0,1,0,0,0,0,0,0,0,1,0,0,0
297.9,7857.99,11,6,5,0.35,0,0,1,0,0,0,0,0,0,1,1,0,0,0,0,0,0
302.34,8100.88,12,8,4,0.35,0,0,0,1,0,1,0,0,0,0,1,0,0,0,0,0,0
784.13,2231.89,2,2,0,0.6,0,0,0,0,1,0,0,1,0,0,0,0,0,1,0,0,0
1047.42,6495.33,9,7,2,0.35,0,0,0,0,1,1,0,0,0,0,1,0,0,0,0,0,1
1121.3,5912.33,4,4,0,0.55,0,0,0,0,1,0,1,0,0,0,0,0,1,0,0,0,0
1548.47,1457.73,1,1,0,0.6,0,0,0,0,1,0,0,0,1,0,0,0,0,1,0,0,1
758.91,4921.54,5,3,2,0.25,0,0,0,0,1,0,0,1,0,0,0,0,0,0,0,1,0
1404.29,8166.96,5,5,0,0.25,0,1,0,0,0,0,1,0,0,0,0,0,0,0,0,1,0
702.16,2449.47,4,3,1,0.6,0,0,0,1,0,1,0,0,0,0,0,0,0,1,0,0,1
1902.53,5248.91,4,4,0,0.35,0,0,0,1,0,0,0,0,1,0,1,0,0,0,0,0,0
1024.51,4165.86,4,3,1,0.55,0,0,0,1,0,1,0,0,0,0,0,0,1,0,0,0,0
1118.96,10425.63,7,7,0,0.75,0,0,1,0,0,0,0,0,1,0,0,0,0,0,1,0,1
741.19,8074.4,9,6,3,0.35,0,0,0,0,1,0,1,0,0,0,1,0,0,0,0,0,0
200.45,1288.52,4,3,1,0.55,0,0,1,0,0,0,1,0,0,0,0,0,1,0,0,0,0
2609.06,14228.7,7,7,0,0.55,0,0,1,0,0,0,0,0,0,1,0,0,1,0,0,0,1
1501.21,14032.26,11,11,0,0.75,0,0,0,1,0,1,0,0,0,0,0,0,0,0,1,0,0
1412.41,10048.86,7,7,0,0.55,0,0,0,1,0,1,0,0,0,0,0,0,1,0,0,0,0
7269.45,36184.0,5,5,0,0.8,0,0,1,0,0,0,0,1,0,0,0,1,0,0,0,0,1
1066.36,3666.79,4,4,0,0.55,0,0,0,0,1,0,0,1,0,0,0,0,1,0,0,0,1
1231.83,7878.28,8,5,3,0.35,0,0,1,0,0,0,0,1,0,0,1,0,0,0,0,0,0
905.12,8619.6,13,6,7,0.35,0,0,0,0,1,0,0,0,1,0,1,0,0,0,0,0,0
1053.05,4038.12,6,3,3,0.35,0,0,1,0,0,0,1,0,0,0,1,0,0,0,0,0,1
1333.7,5396.79,3,3,0,0.55,0,0,1,0,0,0,0,0,1,0,0,0,1,0,0,0,1
1784.72,5526.54,4,4,0,0.55,0,0,0,0,1,0,0,1,0,0,0,0,1,0,0,0,1
1351.05,7765.17,8,8,0,0.75,0,0,1,0,0,0,0,0,1,0,0,0,0,0,1,0,1
822.06,4400.26,5,3,2,0.35,0,0,1,0,0,0,0,1,0,0,1,0,0,0,0,0,1
735.89,3678.93,6,5,1,0.35,0,0,0,1,0,0,0,0,1,0,1,0,0,0,0,0,0
712.75,782.01,1,1,0,0.55,0,0,1,0,0,0,0,0,0,1,0,0,1,0,0,0,0
1866.91,7238.3,4,4,0,0.75,0,0,0,0,1,1,0,0,0,0,0,0,0,0,1,0,1
1840.49,9137.29,6,6,0,0.55,0,0,1,0,0,0,1,0,0,0,0,0,1,0,0,0,1
655.95,3492.83,5,2,3,0.35,0,0,1,0,0,1,0,0,0,0,1,0,0,0,0,0,0
1492.38,2788.37,2,2,0,0.55,0,0,1,0,0,0,0,0,0,1,0,0,1,0,0,0,0
1168.65,4224.34,4,3,1,0.6,0,0,1,0,0,0,0,1,0,0,0,0,0,1,0,0,0
1514.23,8142.51,5,5,0,0.25,0,0,1,0,0,0,1,0,0,0,0,0,0,0,0,1,0
243.29,814.62,5,1,4,0.35,0,1,0,0,0,0,1,0,0,0,1,0,0,0,0,0,1
1043.16,17604.45,13,13,0,0.75,0,0,0,0,1,0,0,0,0,1,0,0,0,0,1,0,1
1483.07,7311.35,4,4,0,0.55,0,0,0,1,0,0,0,0,1,0,0,0,1,0,0,0,0
991.12,4326.09,4,3,1,0.35,0,0,0,1,0,1,0,0,0,0,1,0,0,0,0,0,0
985.23,4945.05,5,4,1,0.55,0,0,1,0,0,0,0,0,0,1,0,0,1,0,0,0,1
691.27,3754.2,4,3,1,0.6,0,1,0,0,0,0,0,0,0,1,0,0,0,1,0,0,0
952.58,5958.35,5,4,1,0.35,0,0,1,0,0,0,0,1,0,0,1,0,0,0,0,0,0
1911.19,9974.68,6,5,1,0.55,0,0,0,0,1,0,0,0,0,1,0,0,1,0,0,0,0
779.76,7979.32,9,7,2,0.6,0,0,0,0,1,0,1,0,0,0,0,0,0,1,0,0,0
1540.36,889.72,1,1,0,0.6,0,0,0,0,1,1,0,0,0,0,0,0,0,1,0,0,1
679.25,5469.52,7,5,2,0.35,0,0,0,0,1,1,0,0,0,0,1,0,0,0,0,0,0
1173.14,6599.09,9,7,2,0.6,0,1,0,0,0,0,0,0,0,1,0,0,0,1,0,0,0
663.06,3255.08,4,3,1,0.6,0,0,0,1,0,1,0,0,0,0,0,0,0,1,0,0,1
324.56,4652.54,5,4,1,0.25,0,0,0,1,0,1,0,0,0,0,0,0,0,0,0,1,1
6836.97,45440.99,7,7,0,0.8,0,0,0,1,0,0,0,0,0,1,0,1,0,0,0,0,1
957.24,3010.65,3,3,0,0.6,0,1,0,0,0,0,0,0,0,1,0,0,0,1,0,0,0
4669.97,37864.51,8,7,1,0.8,0,1,0,0,0,0,0,0,0,1,0,1,0,0,0,0,1
323.78,1456.36,3,1,2,0.6,0,1,0,0,0,0,0,0,0,1,0,0,0,1,0,0,0
1150.49,7379.84,6,6,0,0.55,0,0,0,0,1,0,0,0,0,1,0,0,1,0,0,0,0
4774.16,29918.98,6,6,0,0.8,0,0,0,1,0,0,0,0,1,0,0,1,0,0,0,0,0
711.23,2772.19,4,3,1,0.6,0,0,0,0,1,0,0,0,0,1,0,0,0,1,0,0,1
1589.82,14016.64,8,8,0,0.75,0,0,1,0,0,0,0,0,0,1,0,0,0,0,1,0,1
334.93,5130.93,9,6,3,0.35,0,0,1,0,0,0,0,0,0,1,1,0,0,0,0,0,0
2294.26,7973.98,4,4,0,0.25,0,0,0,0,1,0,0,0,0,1,0,0,0,0,0,1,1
720.19,4532.61,7,7,0,0.6,0,0,1,0,0,1,0,0,0,0,0,0,0,1,0,0,0
1149.46,6003.89,5,4,1,0.35,0,1,0,0,0,0,1,0,0,0,1,0,0,0,0,0,0
1115.99,7611.88,6,6,0,0.55,0,0,0,1,0,0,0,0,1,0,0,0,1,0,0,0,0
1294.28,2866.02,2,2,0,0.35,0,0,1,0,0,0,0,1,0,0,1,0,0,0,0,0,0
1584.67,5523.5,3,3,0,0.75,0,1,0,0,0,0,0,0,0,1,0,0,0,0,1,0,0
2773.08,9367.09,4,4,0,0.25,0,0,0,1,0,0,0,1,0,0,0,0,0,0,0,1,1
1003.6,4207.47,4,4,0,0.35,0,0,0,0,1,0,0,1,0,0,1,0,0,0,0,0,1
1320.41,4424.4,6,4,2,0.55,0,0,0,1,0,0,0,1,0,0,0,0,1,0,0,0,1
928.95,3786.56,4,3,1,0.25,0,0,0,0,1,0,0,0,0,1,0,0,0,0,0,1,0
1288.69,9817.67,10,7,3,0.35,0,0,0,0,1,0,0,0,1,0,1,0,0,0,0,0,1
1644.02,6887.33,5,4,1,0.25,0,0,1,0,0,0,1,0,0,0,0,0,0,0,0,1,0
1355.4,3659.2,3,3,0,0.6,0,1,0,0,0,0,0,0,1,0,0,0,0,1,0,0,1
556.89,8165.69,9,7,2,0.55,0,0,0,1,0,0,1,0,0,0,0,0,1,0,0,0,0
1372.62,6473.3,6,6,0,0.55,0,0,0,1,0,0,0,0,1,0,0,0,1,0,0,0,1
1483.24,5492.19,6,5,1,0.25,0,1,0,0,0,0,0,0,0,1,0,0,0,0,0,1,0
1390.43,4920.25,4,3,1,0.35,0,0,1,0,0,0,0,1,0,0,1,0,0,0,0,0,1
934.57,1945.55,2,2,0,0.6,0,0,1,0,0,1,0,0,0,0,0,0,0,1,0,0,0
1591.3,7256.04,5,5,0,0.25,0,1,0,0,0,0,1,0,0,0,0,0,0,0,0,1,0
1623.26,14186.8,10,9,1,0.35,0,0,0,1,0,0,0,0,1,0,1,0,0,0,0,0,0
1507.98,8923.36,5,5,0,0.35,0,0,0,1,0,0,0,0,1,0,1,0,0,0,0,0,0
1458.66,10349.83,7,7,0,0.75,0,0,0,1,0,0,0,1,0,0,0,0,0,0,1,0,1
1263.66,2997.82,3,2,1,0.25,0,0,1,0,0,1,0,0,0,0,0,0,0,0,0,1,0
332.33,1465.77,4,1,3,0.6,0,0,0,1,0,0,0,1,0,0,0,0,0,1,0,0,0
1007.73,9295.98,10,7,3,0.35,0,0,0,0,1,0,1,0,0,0,1,0,0,0,0,0,0
1413.78,4191.78,3,3,0,0.55,0,0,1,0,0,0,1,0,0,0,0,0,1,0,0,0,0
2590.16,14573.02,6,6,0,0.75,0,0,0,0,1,0,0,1,0,0,0,0,0,0,1,0,0
674.49,1961.73,2,2,0,0.55,0,0,1,0,0,1,0,0,0,0,0,0,1,0,0,0,0
1849.5,7551.04,4,4,0,0.75,0,0,0,0,1,0,1,0,0,0,0,0,0,0,1,0,1
614.12,5116.88,7,5,2,0.35,0,0,1,0,0,0,0,1,0,0,1,0,0,0,0,0,0
1232.71,4469.22,3,3,0,0.55,0,0,0,1,0,0,0,0,1,0,0,0,1,0,0,0,1
629.32,3292.48,4,3,1,0.55,0,0,1,0,0,1,0,0,0,0,0,0,1,0,0,0,0
1375.29,945.57,1,1,0,0.6,0,0,1,0,0,1,0,0,0,0,0,0,0,1,0,0,0
913.04,1248.64,2,1,1,0.25,0,1,0,0,0,0,0,0,1,0,0,0,0,0,0,1,0
911.01,855.07,3,1,2,0.6,0,0,0,0,1,0,1,0,0,0,0,0,0,1,0,0,0
1095.3,9185.99,6,6,0,0.55,0,0,0,1,0,0,0,0,0,1,0,0,1,0,0,0,0
1488.46,8410.31,6,4,2,0.25,0,1,0,0,0,1,0,0,0,0,0,0,0,0,0,1,0
1580.02,6432.73,8,6,2,0.6,0,0,1,0,0,1,0,0,0,0,0,0,0,1,0,0,0
1324.27,5539.94,5,5,0,0.35,0,0,0,0,1,0,1,0,0,0,1,0,0,0,0,0,1
4496.97,37544.62,8,7,1,0.8,0,0,0,0,1,0,0,0,0,1,0,1,0,0,0,0,1
1220.79,11408.7,11,9,2,0.35,0,0,0,0,1,0,0,1,0,0,1,0,0,0,0,0,0
288.03,3121.25,7,5,2,0.6,0,1,0,0,0,1,0,0,0,0,0,0,0,1,0,0,0
868.86,8100.19,10,9,1,0.55,0,0,0,1,0,0,1,0,0,0,0,0,1,0,0,0,1
848.46,8895.79,9,5,4,0.25,0,0,0,1,0,0,0,1,0,0,0,0,0,0,0,1,0
1259.09,6981.36,5,5,0,0.55,0,1,0,0,0,0,1,0,0,0,0,0,1,0,0,0,1
865.01,4207.67,5,5,0,0.6,0,0,0,0,1,0,0,0,1,0,0,0,0,1,0,0,0
618.77,636.63,4,2,2,0.35,0,0,0,0,1,0,0,0,0,1,1,0,0,0,0,0,0
549.21,1322.0,3,3,0,0.55,0,1,0,0,0,0,0,0,1,0,0,0,1,0,0,0,1
394.76,1386.66,4,1,3,0.35,0,1,0,0,0,0,1,0,0,0,1,0,0,0,0,0,0
423.69,4216.25,6,4,2,0.55,0,0,0,0,1,0,1,0,0,0,0,0,1,0,0,0,0
1289.94,1209.22,1,1,0,0.25,0,0,1,0,0,0,1,0,0,0,0,0,0,0,0,1,1
867.01,2786.07,3,2,1,0.6,0,1,0,0,0,0,0,0,1,0,0,0,0,1,0,0,0
1902.47,13601.91,7,7,0,0.75,0,0,1,0,0,1,0,0,0,0,0,0,0,0,1,0,1
989.08,7572.78,10,7,3,0.35,0,1,0,0,0,1,0,0,0,0,1,0,0,0,0,0,0
7021.6,27718.84,4,4,0,0.8,0,1,0,0,0,0,0,0,0,1,0,1,0,0,0,0,1
1390.88,3805.9,3,3,0,0.25,0,0,0,0,1,0,0,0,1,0,0,0,0,0,0,1,0
1569.08,6312.26,4,4,0,0.75,0,0,0,1,0,0,0,0,0,1,0,0,0,0,1,0,1
537.78,4213.22,6,3,3,0.35,0,0,1,0,0,0,1,0,0,0,1,0,0,0,0,0,1
1695.04,7360.46,6,4,2,0.55,0,0,1,0,0,0,1,0,0,0,0,0,1,0,0,0,1
2085.81,1287.74,1,1,0,0.55,0,1,0,0,0,1,0,0,0,0,0,0,1,0,0,0,1
1302.8,6063.6,4,4,0,0.6,0,0,1,0,0,0,0,0,1,0,0,0,0,1,0,0,0
386.32,1403.49,3,1,2,0.25,0,0,0,0,1,0,0,1,0,0,0,0,0,0,0,1,0
2203.48,22115.76,10,9,1,0.75,0,0,0,1,0,0,0,0,0,1,0,0,0,0,1,0,1
1775.18,6091.42,4,4,0,0.35,0,1,0,0,0,1,0,0,0,0,1,0,0,0,0,0,0
1087.83,5949.66,6,4,2,0.25,0,0,0,1,0,0,0,1,0,0,0,0,0,0,0,1,1
764.41,2803.79,4,4,0,0.6,0,0,0,0,1,0,0,1,0,0,0,0,0,1,0,0,0
573.12,8035.22,7,6,1,0.6,0,0,0,1,0,0,0,0,0,1,0,0,0,1,0,0,0
1109.61,6204.53,6,5,1,0.55,0,1,0,0,0,0,0,0,0,1,0,0,1,0,0,0,0
532.5,5337.74,6,5,1,0.35,0,0,1,0,0,1,0,0,0,0,1,0,0,0,0,0,0
476.83,2735.88,4,3,1,0.25,0,0,1,0,0,0,0,1,0,0,0,0,0,0,0,1,0
1183.53,3570.72,5,3,2,0.35,0,0,0,0,1,0,0,0,1,0,1,0,0,0,0,0,1
1270.31,4272.89,3,3,0,0.6,0,1,0,0,0,0,0,0,1,0,0,0,0,1,0,0,0
1140.34,8428.98,11,8,3,0.35,0,0,0,1,0,0,0,0,0,1,1,0,0,0,0,0,0
1138.68,6847.61,4,4,0,0.25,0,1,0,0,0,0,1,0,0,0,0,0,0,0,0,1,0
573.37,8606.31,7,7,0,0.55,0,0,0,0,1,0,0,1,0,0,0,0,1,0,0,0,1
997.62,11846.39,13,13,0,0.55,0,0,0,1,0,0,0,1,0,0,0,0,1,0,0,0,0
1891.23,5193.97,3,3,0,0.25,0,0,1,0,0,1,0,0,0,0,0,0,0,0,0,1,1
791.33,6775.53,6,5,1,0.55,0,0,1,0,0,0,0,0,0,1,0,0,1,0,0,0,1
488.77,3732.95,4,3,1,0.6,0,0,1,0,0,0,0,0,0,1,0,0,0,1,0,0,0
814.86,1703.04,3,1,2,0.25,0,0,0,1,0,0,0,1,0,0,0,0,0,0,0,1,0
435.52,5581.37,9,4,5,0.35,0,1,0,0,0,0,0,1,0,0,1,0,0,0,0,0,1
3137.12,17902.2,6,3,3,0.8,0,0,1,0,0,0,1,0,0,0,0,1,0,0,0,0,1
897.89,4295.69,4,4,0,0.6,0,0,0,1,0,0,1,0,0,0,0,0,0,1,0,0,0
771.88,8039.71,8,7,1,0.55,0,0,1,0,0,0,1,0,0,0,0,0,1,0,0,0,0
511.48,3204.6,4,4,0,0.6,0,0,0,1,0,0,0,0,0,1,0,0,0,1,0,0,0
252.08,0.0,4,0,4,0.35,0,0,0,0,1,0,0,1,0,0,1,0,0,0,0,0,0
1427.5,11149.28,8,6,2,0.35,0,0,1,0,0,1,0,0,0,0,1,0,0,0,0,0,0
1020.81,3946.94,4,4,0,0.6,0,0,1,0,0,1,0,0,0,0,0,0,0,1,0,0,0
756.37,8832.97,8,7,1,0.6,0,0,0,1,0,0,0,0,1,0,0,0,0,1,0,0,0
1493.57,14319.74,12,9,3,0.35,0,1,0,0,0,0,0,1,0,0,1,0,0,0,0,0,0
5825.11,39499.6,7,6,1,0.8,0,0,0,1,0,0,0,1,0,0,0,1,0,0,0,0,1
614.83,1930.15,3,2,1,0.6,0,0,0,0,1,0,0,0,0,1,0,0,0,1,0,0,0
100.0,814.62,5,1,4,0.35,0,0,0,0,1,1,0,0,0,0,1,0,0,0,0,0,0
1026.36,3540.62,3,3,0,0.6,0,1,0,0,0,0,0,0,0,1,0,0,0,1,0,0,0
1763.97,11548.48,7,6,1,0.55,0,0,0,1,0,0,0,0,0,1,0,0,1,0,0,0,1
1189.04,5029.28,4,4,0,0.55,0,0,0,1,0,0,0,1,0,0,0,0,1,0,0,0,0
1460.01,3057.49,2,2,0,0.55,0,0,0,0,1,1,0,0,0,0,0,0,1,0,0,0,0
1005.27,4386.36,6,5,1,0.55,0,0,0,1,0,0,0,0,0,1,0,0,1,0,0,0,1
2701.02,22540.46,11,11,0,0.75,0,0,1,0,0,0,0,0,1,0,0,0,0,0,1,0,1
726.75,1826.25,2,2,0,0.55,0,1,0,0,0,0,0,0,0,1,0,0,1,0,0,0,0
422.3,1621.95,5,1,4,0.35,0,0,1,0,0,0,0,0,1,0,1,0,0,0,0,0,1
1408.14,11433.11,9,6,3,0.55,0,0,0,1,0,1,0,0,0,0,0,0,1,0,0,0,1
2851.15,12931.31,5,5,0,0.75,0,1,0,0,0,1,0,0,0,0,0,0,0,0,1,0,0
1161.39,5037.8,6,5,1,0.6,0,0,0,1,0,0,1,0,0,0,0,0,0,1,0,0,1
554.04,6100.05,8,6,2,0.35,0,0,0,1,0,0,0,0,1,0,1,0,0,0,0,0,0
2433.42,10623.53,5,5,0,0.35,0,0,0,0,1,0,1,0,0,0,1,0,0,0,0,0,0
1441.9,5676.3,3,3,0,0.25,0,0,0,1,0,0,1,0,0,0,0,0,0,0,0,1,0
2167.42,17363.24,9,9,0,0.75,0,0,0,1,0,0,0,1,0,0,0,0,0,0,1,0,1
1478.4,7206.53,5,5,0,0.55,0,1,0,0,0,0,1,0,0,0,0,0,1,0,0,0,1
1762.03,2849.48,2,2,0,0.55,0,0,1,0,0,0,0,0,0,1,0,0,1,0,0,0,1
203.7,5993.77,9,7,2,0.6,0,0,0,0,1,0,0,1,0,0,0,0,0,1,0,0,0
502.5,2808.29,5,3,2,0.25,0,0,1,0,0,0,0,0,0,1,0,0,0,0,0,1,0
1903.2,8832.8,6,5,1,0.35,0,0,0,0,1,0,0,0,1,0,1,0,0,0,0,0,0
750.32,1378.22,2,2,0,0.6,0,0,0,0,1,0,0,0,0,1,0,0,0,1,0,0,1
815.74,4915.4,8,4,4,0.35,0,1,0,0,0,0,0,1,0,0,1,0,0,0,0,0,0
659.16,6994.04,8,7,1,0.55,0,0,0,0,1,0,0,1,0,0,0,0,1,0,0,0,1
1512.28,5753.6,4,4,0,0.25,0,1,0,0,0,0,0,1,0,0,0,0,0,0,0,1,0
762.15,2214.79,7,2,5,0.35,0,0,0,0,1,0,0,0,0,1,1,0,0,0,0,0,1
1071.45,3858.53,3,3,0,0.6,0,0,0,1,0,1,0,0,0,0,0,0,0,1,0,0,0
448.15,4176.13,6,4,2,0.55,0,0,0,1,0,0,0,1,0,0,0,0,1,0,0,0,1
1138.86,3648.79,4,3,1,0.6,0,1,0,0,0,0,0,0,1,0,0,0,0,1,0,0,0
1354.68,12845.6,8,7,1,0.55,0,0,0,1,0,0,1,0,0,0,0,0,1,0,0,0,1
1068.61,4618.01,5,4,1,0.25,0,0,0,1,0,1,0,0,0,0,0,0,0,0,0,1,0
5453.8,48772.7,9,8,1,0.8,0,1,0,0,0,0,1,0,0,0,0,1,0,0,0,0,0
1154.79,9665.47,6,5,1,0.55,0,0,0,0,1,0,0,1,0,0,0,0,1,0,0,0,0
738.52,9112.66,9,8,1,0.55,0,0,0,1,0,0,1,0,0,0,0,0,1,0,0,0,1
1685.22,32934.73,14,13,1,0.75,0,1,0,0,0,0,0,0,1,0,0,0,0,0,1,0,0
1596.38,4037.22,3,3,0,0.35,0,1,0,0,0,0,0,0,1,0,1,0,0,0,0,0,1
746.41,4159.57,6,4,2,0.6,0,1,0,0,0,1,0,0,0,0,0,0,0,1,0,0,1
100.0,4211.78,6,4,2,0.25,0,0,1,0,0,0,1,0,0,0,0,0,0,0,0,1,1
2679.98,15156.49,6,6,0,0.75,0,0,1,0,0,1,0,0,0,0,0,0,0,0,1,0,0
1228.93,4254.58,6,3,3,0.35,0,0,0,0,1,0,0,0,1,0,1,0,0,0,0,0,1
1381.0,6117.32,4,4,0,0.55,0,0,1,0,0,0,0,0,0,1,0,0,1,0,0,0,1
1028.28,5539.94,5,5,0,0.35,0,0,0,1,0,0,1,0,0,0,1,0,0,0,0,0,0
100.0,0.0,1,0,1,0.25,0,0,0,0,1,0,0,0,0,1,0,0,0,0,0,1,0
2045.35,10755.81,5,5,0,0.75,0,0,0,1,0,0,0,0,0,1,0,0,0,0,1,0,1
596.14,2478.82,4,3,1,0.25,0,0,0,0,1,0,0,1,0,0,0,0,0,0,0,1,1
1196.19,3074.36,3,3,0,0.6,0,0,0,0,1,0,0,0,1,0,0,0,0,1,0,0,0
288.08,1189.75,2,1,1,0.6,0,0,0,0,1,0,0,1,0,0,0,0,0,1,0,0,1
1369.37,11615.07,8,7,1,0.6,0,0,0,1,0,0,1,0,0,0,0,0,0,1,0,0,1
1546.54,5484.7,3,3,0,0.35,0,1,0,0,0,0,0,1,0,0,1,0,0,0,0,0,0
484.58,3255.08,4,3,1,0.6,0,1,0,0,0,0,0,0,1,0,0,0,0,1,0,0,0
663.29,6196.46,6,5,1,0.55,0,1,0,0,0,0,0,1,0,0,0,0,1,0,0,0,0
1435.43,4434.64,4,4,0,0.25,0,0,1,0,0,1,0,0,0,0,0,0,0,0,0,1,0
3045.32,16479.92,6,6,0,0.75,0,1,0,0,0,0,0,0,1,0,0,0,0,0,1,0,1
1037.24,3483.17,5,5,0,0.6,0,0,0,0,1,0,0,0,1,0,0,0,0,1,0,0,0
1059.92,3075.3,4,2,2,0.25,0,1,0,0,0,0,0,0,0,1,0,0,0,0,0,1,0
1628.78,11548.48,7,6,1,0.55,0,1,0,0,0,0,0,1,0,0,0,0,1,0,0,0,0
400.86,2520.62,5,2,3,0.55,0,0,1,0,0,0,1,0,0,0,0,0,1,0,0,0,1
660.87,2328.26,4,3,1,0.25,0,0,1,0,0,0,0,0,0,1,0,0,0,0,0,1,0
1560.61,7256.11,6,6,0,0.25,0,0,0,1,0,0,0,1,0,0,0,0,0,0,0,1,1
1037.45,4933.66,5,4,1,0.6,0,0,0,1,0,0,1,0,0,0,0,0,0,1,0,0,0
615.89,1503.94,2,1,1,0.25,0,0,0,1,0,0,0,1,0,0,0,0,0,0,0,1,0
656.08,2772.19,4,3,1,0.6,0,0,0,1,0,0,0,1,0,0,0,0,0,1,0,0,0
1837.53,4954.35,3,3,0,0.55,0,0,0,0,1,0,1,0,0,0,0,0,1,0,0,0,0
1036.51,4346.9,4,3,1,0.55,0,1,0,0,0,0,0,0,0,1,0,0,1,0,0,0,1
529.25,4031.96,5,3,2,0.55,0,0,1,0,0,0,0,0,1,0,0,0,1,0,0,0,0
1814.46,9247.1,5,5,0,0.25,0,0,0,1,0,0,1,0,0,0,0,0,0,0,0,1,0
1471.34,3594.96,3,2,1,0.6,0,1,0,0,0,0,0,1,0,0,0,0,0,1,0,0,0
888.18,1852.15,5,5,0,0.55,0,0,0,0,1,0,0,0,1,0,0,0,1,0,0,0,1
7929.71,54188.26,7,7,0,0.8,0,0,0,0,1,0,0,0,1,0,0,1,0,0,0,0,0
2152.34,6177.15,3,3,0,0.25,0,0,1,0,0,0,0,0,1,0,0,0,0,0,0,1,0
1208.95,5328.06,4,3,1,0.25,0,0,0,0,1,0,1,0,0,0,0,0,0,0,0,1,0
1001.24,8074.02,8,8,0,0.35,0,0,0,1,0,0,1,0,0,0,1,0,0,0,0,0,1
394.89,1602.0,2,2,0,0.55,0,0,0,1,0,1,0,0,0,0,0,0,1,0,0,0,0
907.05,9835.84,8,7,1,0.35,0,0,0,1,0,0,0,1,0,0,1,0,0,0,0,0,0
484.0,5792.21,5,3,2,0.55,0,0,0,0,1,1,0,0,0,0,0,0,1,0,0,0,1
1858.99,11592.78,6,5,1,0.75,0,0,0,0,1,0,0,1,0,0,0,0,0,0,1,0,1
2027.65,12610.02,9,9,0,0.75,0,0,1,0,0,0,0,0,0,1,0,0,0,0,1,0,0
1336.98,5084.84,4,3,1,0.25,0,1,0,0,0,0,0,0,0,1,0,0,0,0,0,1,1
2293.24,12917.33,8,6,2,0.75,0,0,0,1,0,0,0,0,0,1,0,0,0,0,1,0,1
896.05,10784.7,9,7,2,0.55,0,0,0,0,1,0,0,0,0,1,0,0,1,0,0,0,1
2798.82,21391.48,8,8,0,0.75,0,0,0,1,0,0,0,0,0,1,0,0,0,0,1,0,1
1114.39,5293.68,5,5,0,0.6,0,0,1,0,0,0,0,1,0,0,0,0,0,1,0,0,1
691.67,1945.55,2,2,0,0.6,0,1,0,0,0,0,0,0,0,1,0,0,0,1,0,0,0
1639.61,3322.48,2,2,0,0.25,0,1,0,0,0,1,0,0,0,0,0,0,0,0,0,1,0
1083.84,4930.93,4,4,0,0.6,0,1,0,0,0,1,0,0,0,0,0,0,0,1,0,0,0
1635.78,6091.42,4,4,0,0.35,0,1,0,0,0,0,0,1,0,0,1,0,0,0,0,0,0
1553.14,7666.84,5,4,1,0.55,0,0,0,1,0,1,0,0,0,0,0,0,1,0,0,0,1
415.77,5639.43,6,4,2,0.35,0,0,0,0,1,0,0,0,1,0,1,0,0,0,0,0,0
1750.15,8832.8,6,5,1,0.35,0,1,0,0,0,0,0,0,0,1,1,0,0,0,0,0,0
374.45,3483.17,5,5,0,0.6,0,1,0,0,0,0,1,0,0,0,0,0,0,1,0,0,0
1410.25,3322.48,2,2,0,0.25,0,0,0,1,0,0,0,0,0,1,0,0,0,0,0,1,0
1531.11,3615.51,3,3,0,0.6,0,0,0,1,0,0,1,0,0,0,0,0,0,1,0,0,1
709.77,3960.33,6,5,1,0.6,0,0,0,0,1,0,0,0,1,0,0,0,0,1,0,0,0
719.55,6694.0,7,7,0,0.25,0,0,0,0,1,0,0,1,0,0,0,0,0,0,0,1,1
608.01,1952.53,2,2,0,0.55,0,0,1,0,0,0,0,0,1,0,0,0,1,0,0,0,1
1526.45,4729.54,4,3,1,0.25,0,1,0,0,0,0,0,0,0,1,0,0,0,0,0,1,0
100.0,0.0,1,0,1,0.35,0,0,0,0,1,0,0,1,0,0,1,0,0,0,0,0,0
1294.56,10656.6,8,8,0,0.55,0,0,0,1,0,1,0,0,0,0,0,0,1,0,0,0,1
822.89,2857.66,3,3,0,0.6,0,0,0,1,0,0,1,0,0,0,0,0,0,1,0,0,0
679.51,4489.01,5,4,1,0.6,0,0,1,0,0,0,0,0,0,1,0,0,0,1,0,0,1
1746.48,5248.91,4,4,0,0.35,0,0,1,0,0,1,0,0,0,0,1,0,0,0,0,0,0
1646.46,6303.08,5,4,1,0.55,0,0,0,1,0,0,0,1,0,0,0,0,1,0,0,0,0
1140.98,4377.11,3,3,0,0.6,0,0,0,1,0,1,0,0,0,0,0,0,0,1,0,0,0
2217.25,4096.6,2,2,0,0.55,0,0,0,1,0,0,0,1,0,0,0,0,1,0,0,0,1
1335.64,4041.44,6,4,2,0.55,0,0,0,0,1,0,0,0,0,1,0,0,1,0,0,0,0
835.59,6912.08,8,6,2,0.35,0,0,0,0,1,0,0,0,0,1,1,0,0,0,0,0,1
1901.77,12651.27,6,6,0,0.75,0,0,0,1,0,0,0,0,1,0,0,0,0,0,1,0,1
378.06,5864.0,6,6,0,0.35,0,0,0,1,0,0,0,0,1,0,1,0,0,0,0,0,0
1947.51,5978.52,4,4,0,0.25,0,1,0,0,0,0,0,0,1,0,0,0,0,0,0,1,0
1617.81,5399.64,4,4,0,0.6,0,0,1,0,0,0,0,0,0,1,0,0,0,1,0,0,1
1059.66,2084.06,2,2,0,0.6,0,1,0,0,0,0,0,0,0,1,0,0,0,1,0,0,1
748.81,18181.51,14,14,0,0.75,0,0,1,0,0,1,0,0,0,0,0,0,0,0,1,0,0
633.64,11913.38,11,10,1,0.75,0,0,0,1,0,0,0,1,0,0,0,0,0,0,1,0,0
560.9,4213.22,6,3,3,0.35,0,0,0,0,1,0,0,0,0,1,1,0,0,0,0,0,0
442.47,7808.53,11,8,3,0.35,0,0,0,0,1,0,0,1,0,0,1,0,0,0,0,0,0
1673.89,10005.93,6,6,0,0.75,0,0,0,0,1,1,0,0,0,0,0,0,0,0,1,0,1
663.67,2008.45,4,2,2,0.6,0,0,0,0,1,0,1,0,0,0,0,0,0,1,0,0,0
642.7,4767.14,6,3,3,0.35,0,0,0,0,1,0,0,0,1,0,1,0,0,0,0,0,0
1575.35,11588.09,10,9,1,0.55,0,0,0,1,0,0,0,0,1,0,0,0,1,0,0,0,0
268.39,4567.53,8,3,5,0.35,0,1,0,0,0,0,0,0,0,1,1,0,0,0,0,0,0
1976.46,15818.96,12,10,2,0.75,0,1,0,0,0,0,0,1,0,0,0,0,0,0,1,0,0
1803.53,11284.11,11,9,2,0.55,0,1,0,0,0,0,0,0,1,0,0,0,1,0,0,0,0
1471.55,7273.72,5,4,1,0.25,0,1,0,0,0,0,0,0,0,1,0,0,0,0,0,1,0
391.57,3337.85,7,7,0,0.6,0,1,0,0,0,0,0,0,1,0,0,0,0,1,0,0,0
676.63,3452.65,7,4,3,0.35,0,0,0,1,0,0,0,0,1,0,1,0,0,0,0,0,0
1261.67,7963.47,5,5,0,0.55,0,0,0,1,0,1,0,0,0,0,0,0,1,0,0,0,1
1638.54,9238.56,5,5,0,0.55,0,1,0,0,0,0,0,0,1,0,0,0,1,0,0,0,1
1859.81,15328.86,9,9,0,0.75,0,1,0,0,0,0,1,0,0,0,0,0,0,0,1,0,1
761.83,4904.82,5,4,1,0.25,0,0,0,0,1,1,0,0,0,0,0,0,0,0,0,1,0
1578.19,3574.72,3,3,0,0.6,0,0,0,1,0,0,1,0,0,0,0,0,0,1,0,0,0
1496.36,24181.2,12,12,0,0.75,0,1,0,0,0,0,0,1,0,0,0,0,0,0,1,0,1
1106.07,6246.43,4,4,0,0.35,0,0,0,1,0,0,0,1,0,0,1,0,0,0,0,0,0
2179.18,9315.78,4,4,0,0.75,0,0,0,0,1,1,0,0,0,0,0,0,0,0,1,0,1
1381.11,7975.14,6,5,1,0.25,0,1,0,0,0,0,0,1,0,0,0,0,0,0,0,1,0
2570.53,9497.27,6,6,0,0.55,0,0,0,0,1,0,1,0,0,0,0,0,1,0,0,0,0
697.97,4832.6,4,3,1,0.6,0,1,0,0,0,1,0,0,0,0,0,0,0,1,0,0,0
6681.37,77985.88,12,11,1,0.8,0,1,0,0,0,0,0,0,0,1,0,1,0,0,0,0,1
1338.99,4599.45,4,4,0,0.55,0,1,0,0,0,0,0,0,1,0,0,0,1,0,0,0,1
859.03,4947.11,6,4,2,0.35,0,0,0,0,1,0,0,0,0,1,1,0,0,0,0,0,1
1046.17,5607.82,5,5,0,0.6,0,1,0,0,0,0,0,0,1,0,0,0,0,1,0,0,0
1921.57,14482.08,8,7,1,0.75,0,1,0,0,0,0,0,0,1,0,0,0,0,0,1,0,1
1419.57,7127.07,5,5,0,0.55,0,0,0,0,1,1,0,0,0,0,0,0,1,0,0,0,0
1524.39,4688.87,3,3,0,0.55,0,0,0,1,0,0,0,0,1,0,0,0,1,0,0,0,0
858.31,3100.48,3,2,1,0.35,0,0,1,0,0,0,0,1,0,0,1,0,0,0,0,0,0
961.19,5600.11,5,5,0,0.6,0,0,0,0,1,0,0,1,0,0,0,0,0,1,0,0,0
1025.54,4707.6,3,3,0,0.55,0,1,0,0,0,0,0,0,1,0,0,0,1,0,0,0,0
2157.17,14768.76,7,7,0,0.75,0,1,0,0,0,0,0,1,0,0,0,0,0,0,1,0,0
1211.26,5973.78,5,4,1,0.6,0,0,0,0,1,0,1,0,0,0,0,0,0,1,0,0,1
844.4,9840.79,9,7,2,0.6,0,0,0,0,1,1,0,0,0,0,0,0,0,1,0,0,0
613.91,6266.3,6,4,2,0.35,0,0,1,0,0,0,0,0,1,0,1,0,0,0,0,0,0
1102.69,6692.77,5,4,1,0.35,0,0,0,0,1,0,0,1,0,0,1,0,0,0,0,0,0
508.52,10467.9,13,7,6,0.35,0,0,0,0,1,1,0,0,0,0,1,0,0,0,0,0,0
1967.07,13680.98,6,6,0,0.75,0,0,1,0,0,1,0,0,0,0,0,0,0,0,1,0,1
891.11,8365.32,8,7,1,0.35,0,0,0,0,1,1,0,0,0,0,1,0,0,0,0,0,0
1764.29,3677.02,2,2,0,0.55,0,0,1,0,0,0,1,0,0,0,0,0,1,0,0,0,0
1210.17,4462.65,5,5,0,0.6,0,0,0,0,1,0,0,1,0,0,0,0,0,1,0,0,1
7692.63,68367.89,9,7,2,0.8,0,1,0,0,0,0,0,0,0,1,0,1,0,0,0,0,0
1454.98,8827.14,5,5,0,0.75,0,0,0,0,1,0,0,0,0,1,0,0,0,0,1,0,0
1547.53,8153.65,5,5,0,0.55,0,0,1,0,0,0,0,0,1,0,0,0,1,0,0,0,1
767.15,6912.08,8,6,2,0.35,0,0,1,0,0,1,0,0,0,0,1,0,0,0,0,0,0
217.48,3492.83,5,2,3,0.35,0,0,0,1,0,1,0,0,0,0,1,0,0,0,0,0,0
1227.34,2660.35,2,2,0,0.55,0,0,0,1,0,1,0,0,0,0,0,0,1,0,0,0,0
549.69,5381.49,10,7,3,0.6,0,0,1,0,0,0,0,0,1,0,0,0,0,1,0,0,0
744.1,4092.38,6,3,3,0.35,0,1,0,0,0,0,1,0,0,0,1,0,0,0,0,0,0
2111.42,5812.95,3,3,0,0.55,0,0,0,0,1,0,0,1,0,0,0,0,1,0,0,0,1
1429.17,8864.84,7,6,1,0.75,0,0,0,1,0,1,0,0,0,0,0,0,0,0,1,0,0
1306.65,951.44,1,1,0,0.25,0,0,0,1,0,0,0,0,0,1,0,0,0,0,0,1,1
1166.09,4578.89,4,4,0,0.55,0,0,0,0,1,0,0,0,1,0,0,0,1,0,0,0,0
382.95,6267.32,10,6,4,0.35,0,0,1,0,0,0,0,0,1,0,1,0,0,0,0,0,0
1168.42,2835.47,3,2,1,0.25,0,0,0,0,1,0,1,0,0,0,0,0,0,0,0,1,1
2006.16,5086.27,3,3,0,0.25,0,0,0,1,0,0,0,0,0,1,0,0,0,0,0,1,1
1830.21,10623.53,5,5,0,0.35,0,0,0,0,1,0,0,1,0,0,1,0,0,0,0,0,0
814.92,3649.72,4,4,0,0.6,0,1,0,0,0,0,1,0,0,0,0,0,0,1,0,0,0
959.26,7827.1,8,8,0,0.75,0,0,0,1,0,1,0,0,0,0,0,0,0,0,1,0,0
789.01,2027.01,6,3,3,0.35,0,0,1,0,0,1,0,0,0,0,1,0,0,0,0,0,0
405.28,4930.06,8,4,4,0.35,0,0,0,0,1,0,0,1,0,0,1,0,0,0,0,0,0
1092.35,4498.12,3,3,0,0.55,0,1,0,0,0,0,1,0,0,0,0,0,1,0,0,0,0
1313.02,7069.38,4,4,0,0.25,0,1,0,0,0,0,0,0,0,1,0,0,0,0,0,1,0
1452.61,3493.84,2,2,0,0.25,0,0,1,0,0,1,0,0,0,0,0,0,0,0,0,1,0
100.0,0.0,2,0,2,0.35,0,1,0,0,0,1,0,0,0,0,1,0,0,0,0,0,0
1722.26,6261.44,3,3,0,0.25,0,0,0,0,1,1,0,0,0,0,0,0,0,0,0,1,0
695.27,6824.5,5,4,1,0.35,0,0,1,0,0,0,0,0,1,0,1,0,0,0,0,0,0
1248.56,5430.4,4,3,1,0.55,0,0,0,0,1,0,0,1,0,0,0,0,1,0,0,0,0
685.22,2205.63,3,2,1,0.55,0,0,0,1,0,0,0,1,0,0,0,0,1,0,0,0,1
830.96,4767.14,6,3,3,0.35,0,1,0,0,0,0,0,0,0,1,1,0,0,0,0,0,0
1808.14,7480.9,4,4,0,0.25,0,0,1,0,0,0,0,0,0,1,0,0,0,0,0,1,0
257.27,1164.09,2,1,1,0.55,0,1,0,0,0,0,0,1,0,0,0,0,1,0,0,0,1
100.0,0.0,1,0,1,0.25,0,0,0,0,1,0,1,0,0,0,0,0,0,0,0,1,0
862.3,5052.9,6,5,1,0.6,0,0,0,1,0,1,0,0,0,0,0,0,0,1,0,0,0
861.49,3437.6,4,3,1,0.6,0,0,1,0,0,0,1,0,0,0,0,0,0,1,0,0,0
1194.88,1397.2,1,1,0,0.6,0,0,1,0,0,0,0,0,1,0,0,0,0,1,0,0,0
821.08,3523.53,5,2,3,0.55,0,0,0,0,1,0,0,0,0,1,0,0,1,0,0,0,1
604.21,3050.5,4,3,1,0.75,0,0,0,0,1,0,0,1,0,0,0,0,0,0,1,0,1
2621.54,17354.76,7,7,0,0.75,0,0,0,1,0,0,1,0,0,0,0,0,0,0,1,0,1
1499.36,5474.01,5,4,1,0.6,0,1,0,0,0,0,0,0,1,0,0,0,0,1,0,0,0
272.4,8372.57,10,5,5,0.35,0,0,0,1,0,0,0,0,1,0,1,0,0,0,0,0,0
1254.47,6331.55,10,8,2,0.35,0,0,0,1,0,0,0,1,0,0,1,0,0,0,0,0,0
619.77,2361.49,4,2,2,0.35,0,0,1,0,0,0,0,0,1,0,1,0,0,0,0,0,0
1069.86,5074.89,4,4,0,0.6,0,0,0,1,0,0,1,0,0,0,0,0,0,1,0,0,1
691.08,3362.72,4,3,1,0.6,0,0,0,1,0,0,0,0,1,0,0,0,0,1,0,0,0
1830.99,5525.61,4,3,1,0.55,0,0,1,0,0,1,0,0,0,0,0,0,1,0,0,0,0
1153.67,13490.35,8,8,0,0.55,0,0,0,0,1,0,0,1,0,0,0,0,1,0,0,0,0
8158.64,31022.32,4,4,0,0.8,0,1,0,0,0,0,1,0,0,0,0,1,0,0,0,0,1
7694.68,59699.22,8,7,1,0.8,0,0,0,0,1,0,0,0,1,0,0,1,0,0,0,0,0
2063.22,15052.58,13,9,4,0.35,0,0,0,1,0,0,0,0,0,1,1,0,0,0,0,0,0
1734.14,15555.23,9,9,0,0.75,0,0,0,1,0,0,0,0,0,1,0,0,0,0,1,0,1
958.18,2703.43,3,2,1,0.6,0,1,0,0,0,0,0,0,1,0,0,0,0,1,0,0,0
542.19,3576.84,4,2,2,0.35,0,0,0,0,1,0,0,0,1,0,1,0,0,0,0,0,0
105.56,1018.15,2,1,1,0.6,0,0,0,0,1,1,0,0,0,0,0,0,0,1,0,0,1
169.31,2509.46,6,3,3,0.35,0,0,0,0,1,0,0,0,0,1,1,0,0,0,0,0,0
1926.3,27888.11,12,12,0,0.75,0,0,0,0,1,1,0,0,0,0,0,0,0,0,1,0,1
581.95,2457.23,4,2,2,0.6,0,0,0,1,0,0,0,1,0,0,0,0,0,1,0,0,0
718.37,5387.45,8,3,5,0.35,0,0,0,1,0,0,0,1,0,0,1,0,0,0,0,0,0
262.8,1435.29,8,1,7,0.35,0,0,0,1,0,0,1,0,0,0,1,0,0,0,0,0,0
1159.63,2274.27,3,2,1,0.35,0,1,0,0,0,0,0,1,0,0,1,0,0,0,0,0,0
1762.21,14236.45,7,6,1,0.75,0,0,1,0,0,0,0,0,1,0,0,0,0,0,1,0,1
1034.86,2433.2,2,2,0,0.35,0,0,0,1,0,0,0,0,1,0,1,0,0,0,0,0,0
6136.82,40923.38,6,5,1,0.8,0,1,0,0,0,0,0,0,1,0,0,1,0,0,0,0,0
1189.35,8025.56,6,6,0,0.6,0,1,0,0,0,0,0,0,0,1,0,0,0,1,0,0,0
1278.31,6241.69,6,5,1,0.35,0,1,0,0,0,0,0,0,0,1,1,0,0,0,0,0,0
1159.76,5549.57,6,4,2,0.55,0,1,0,0,0,0,0,1,0,0,0,0,1,0,0,0,0
1506.07,10165.04,7,7,0,0.6,0,0,1,0,0,0,1,0,0,0,0,0,0,1,0,0,0
1189.5,10056.36,10,8,2,0.35,0,0,0,0,1,0,0,0,1,0,1,0,0,0,0,0,1
664.93,1118.42,1,1,0,0.55,0,1,0,0,0,0,0,0,0,1,0,0,1,0,0,0,1
1436.46,5984.96,5,4,1,0.55,0,0,1,0,0,0,0,0,0,1,0,0,1,0,0,0,0
1212.98,6601.11,7,6,1,0.35,0,0,0,0,1,0,0,0,1,0,1,0,0,0,0,0,0
1901.16,7700.36,4,4,0,0.55,0,0,0,1,0,0,0,0,1,0,0,0,1,0,0,0,1
1317.11,9755.94,6,6,0,0.6,0,0,0,1,0,0,0,1,0,0,0,0,0,1,0,0,0
1058.52,5394.17,6,5,1,0.55,0,0,0,0,1,1,0,0,0,0,0,0,1,0,0,0,0
2064.23,6662.51,4,4,0,0.55,0,1,0,0,0,0,0,1,0,0,0,0,1,0,0,0,0
1585.58,15010.27,8,8,0,0.75,0,0,1,0,0,0,1,0,0,0,0,0,0,0,1,0,1
1196.63,6824.5,5,4,1,0.35,0,0,0,0,1,1,0,0,0,0,1,0,0,0,0,0,0
6970.9,47270.26,7,7,0,0.8,0,1,0,0,0,0,0,0,0,1,0,1,0,0,0,0,1
1075.66,9934.01,8,7,1,0.35,0,0,0,1,0,1,0,0,0,0,1,0,0,0,0,0,1
2362.82,7282.98,4,4,0,0.25,0,0,1,0,0,0,1,0,0,0,0,0,0,0,0,1,0
701.63,7508.87,6,5,1,0.55,0,1,0,0,0,0,0,1,0,0,0,0,1,0,0,0,0
994.07,10354.27,8,8,0,0.55,0,0,0,0,1,0,0,0,0,1,0,0,1,0,0,0,1
1104.38,3815.45,3,3,0,0.55,0,1,0,0,0,0,0,0,1,0,0,0,1,0,0,0,1
1219.12,9835.84,8,7,1,0.35,0,0,0,1,0,0,0,0,1,0,1,0,0,0,0,0,1
290.14,3202.01,5,4,1,0.6,0,0,0,1,0,1,0,0,0,0,0,0,0,1,0,0,0
676.51,6100.05,8,6,2,0.35,0,0,0,0,1,0,0,0,0,1,1,0,0,0,0,0,1
468.94,3421.38,5,4,1,0.35,0,0,0,0,1,0,1,0,0,0,1,0,0,0,0,0,0
598.89,1668.89,3,1,2,0.35,0,0,0,0,1,0,0,0,0,1,1,0,0,0,0,0,0
1405.05,2695.71,2,2,0,0.6,0,0,0,1,0,0,0,1,0,0,0,0,0,1,0,0,0
116.9,941.55,4,1,3,0.35,0,1,0,0,0,1,0,0,0,0,1,0,0,0,0,0,0
1436.52,9374.0,5,5,0,0.25,0,1,0,0,0,0,0,0,0,1,0,0,0,0,0,1,1
2078.8,7384.45,5,5,0,0.6,0,0,0,0,1,0,0,0,0,1,0,0,0,1,0,0,0
1571.9,20308.88,11,11,0,0.75,0,1,0,0,0,0,0,0,1,0,0,0,0,0,1,0,1
1166.37,7013.35,7,6,1,0.6,0,0,0,1,0,0,0,1,0,0,0,0,0,1,0,0,0
7681.64,52433.0,7,7,0,0.8,0,0,0,0,1,0,0,1,0,0,0,1,0,0,0,0,1
736.08,6624.09,7,4,3,0.25,0,1,0,0,0,0,0,0,0,1,0,0,0,0,0,1,1
703.75,1288.52,4,3,1,0.55,0,0,1,0,0,0,0,0,0,1,0,0,1,0,0,0,0
769.4,4947.75,5,4,1,0.25,0,0,0,1,0,1,0,0,0,0,0,0,0,0,0,1,1
1982.68,20683.35,10,10,0,0.75,0,1,0,0,0,0,0,0,0,1,0,0,0,0,1,0,1
1642.17,21192.1,15,14,1,0.75,0,0,0,1,0,1,0,0,0,0,0,0,0,0,1,0,0
1826.83,16928.75,11,11,0,0.55,0,0,0,0,1,0,0,0,0,1,0,0,1,0,0,0,1
1505.66,6438.22,5,4,1,0.25,0,0,0,0,1,0,0,1,0,0,0,0,0,0,0,1,0
1276.81,5221.22,7,6,1,0.75,0,0,0,1,0,0,0,1,0,0,0,0,0,0,1,0,1
1717.34,8866.32,6,6,0,0.55,0,0,0,1,0,0,1,0,0,0,0,0,1,0,0,0,0
1398.55,8650.02,7,6,1,0.55,0,0,0,1,0,1,0,0,0,0,0,0,1,0,0,0,0
1137.96,5809.79,4,4,0,0.25,0,1,0,0,0,0,1,0,0,0,0,0,0,0,0,1,1
1145.33,5833.51,8,4,4,0.35,0,0,1,0,0,1,0,0,0,0,1,0,0,0,0,0,0
1800.71,13246.81,8,8,0,0.55,0,0,1,0,0,1,0,0,0,0,0,0,1,0,0,0,0
566.8,7979.32,9,7,2,0.6,0,0,0,1,0,0,0,0,1,0,0,0,0,1,0,0,1
1223.14,4664.9,3,3,0,0.25,0,1,0,0,0,1,0,0,0,0,0,0,0,0,0,1,0
789.57,1696.2,2,2,0,0.6,0,0,1,0,0,1,0,0,0,0,0,0,0,1,0,0,0
385.98,565.3,1,1,0,0.35,0,1,0,0,0,0,0,0,0,1,1,0,0,0,0,0,0
1517.32,3690.73,3,2,1,0.25,0,1,0,0,0,0,1,0,0,0,0,0,0,0,0,1,0
1390.32,7283.61,6,4,2,0.55,0,1,0,0,0,1,0,0,0,0,0,0,1,0,0,0,0
1046.41,3468.89,3,3,0,0.55,0,1,0,0,0,0,1,0,0,0,0,0,1,0,0,0,1
1797.46,11989.98,8,7,1,0.75,0,0,1,0,0,0,0,0,0,1,0,0,0,0,1,0,0
312.14,4384.56,6,5,1,0.35,0,0,1,0,0,0,0,0,0,1,1,0,0,0,0,0,0
1801.95,8077.07,4,4,0,0.55,0,1,0,0,0,0,0,1,0,0,0,0,1,0,0,0,1
1029.14,6692.77,5,4,1,0.35,0,0,0,0,1,0,0,0,1,0,1,0,0,0,0,0,0
1230.14,12097.41,10,7,3,0.35,0,1,0,0,0,1,0,0,0,0,1,0,0,0,0,0,0
387.49,1312.2,4,1,3,0.35,0,0,0,1,0,1,0,0,0,0,1,0,0,0,0,0,0
734.04,2034.65,3,1,2,0.25,0,1,0,0,0,0,0,0,0,1,0,0,0,0,0,1,1
1414.75,13416.09,9,9,0,0.75,0,0,0,0,1,0,0,0,0,1,0,0,0,0,1,0,1
1668.56,10656.1,6,6,0,0.55,0,0,1,0,0,1,0,0,0,0,0,0,1,0,0,0,0
901.34,4937.96,5,4,1,0.6,0,0,0,0,1,0,0,1,0,0,0,0,0,1,0,0,1
1074.02,3973.02,5,3,2,0.35,0,0,1,0,0,0,0,0,1,0,1,0,0,0,0,0,0
1887.26,4407.74,3,3,0,0.6,0,0,1,0,0,1,0,0,0,0,0,0,0,1,0,0,1
235.73,1378.7,2,1,1,0.55,0,0,0,1,0,0,1,0,0,0,0,0,1,0,0,0,1
1529.73,2662.66,2,2,0,0.55,0,0,0,0,1,0,0,0,1,0,0,0,1,0,0,0,0
926.36,8290.16,6,5,1,0.25,0,0,1,0,0,1,0,0,0,0,0,0,0,0,0,1,0
1243.27,3732.95,4,3,1,0.6,0,0,1,0,0,0,0,0,1,0,0,0,0,1,0,0,0
2172.0,1789.46,1,1,0,0.25,0,0,1,0,0,0,0,0,1,0,0,0,0,0,0,1,0
1064.78,6871.65,7,6,1,0.6,0,0,1,0,0,0,1,0,0,0,0,0,0,1,0,0,1
967.18,10382.19,8,8,0,0.55,0,0,1,0,0,0,0,0,0,1,0,0,1,0,0,0,0
320.6,6734.14,13,8,5,0.35,0,0,0,0,1,0,0,1,0,0,1,0,0,0,0,0,0
100.0,2718.58,9,8,1,0.35,0,0,1,0,0,0,0,0,0,1,1,0,0,0,0,0,0
572.15,4415.52,10,6,4,0.35,0,0,0,0,1,0,1,0,0,0,1,0,0,0,0,0,0
1384.11,4624.75,5,4,1,0.55,0,1,0,0,0,0,0,1,0,0,0,0,1,0,0,0,1
975.27,4765.99,4,4,0,0.6,0,1,0,0,0,0,1,0,0,0,0,0,0,1,0,0,0
1508.62,7127.07,5,5,0,0.55,0,0,1,0,0,0,0,0,1,0,0,0,1,0,0,0,0
824.78,8816.84,8,7,1,0.55,0,1,0,0,0,0,0,0,1,0,0,0,1,0,0,0,0
1486.88,6151.53,7,4,3,0.35,0,1,0,0,0,0,0,0,1,0,1,0,0,0,0,0,0
1033.62,6077.23,6,4,2,0.6,0,0,1,0,0,0,0,0,0,1,0,0,0,1,0,0,1
756.05,8917.71,8,8,0,0.35,0,0,0,1,0,1,0,0,0,0,1,0,0,0,0,0,0
1250.36,5399.64,4,4,0,0.6,0,0,0,1,0,0,0,0,0,1,0,0,0,1,0,0,0
2006.89,11325.08,7,7,0,0.55,0,1,0,0,0,1,0,0,0,0,0,0,1,0,0,0,0
1186.78,5878.13,5,5,0,0.6,0,1,0,0,0,0,0,0,1,0,0,0,0,1,0,0,0
1107.55,2292.76,3,2,1,0.6,0,0,0,0,1,0,0,0,0,1,0,0,0,1,0,0,0
2017.45,10971.56,6,6,0,0.75,0,0,0,0,1,0,0,0,0,1,0,0,0,0,1,0,1
596.23,3628.86,5,3,2,0.55,0,1,0,0,0,1,0,0,0,0,0,0,1,0,0,0,1
100.0,1334.84,5,1,4,0.35,0,0,0,0,1,0,0,1,0,0,1,0,0,0,0,0,1
1245.44,1155.23,1,1,0,0.6,0,0,0,1,0,0,0,0,0,1,0,0,0,1,0,0,0
6493.43,47097.18,7,6,1,0.8,0,0,0,1,0,0,1,0,0,0,0,1,0,0,0,0,1
601.75,1633.54,2,2,0,0.25,0,0,0,0,1,0,0,0,0,1,0,0,0,0,0,1,0
1043.68,3042.87,4,3,1,0.55,0,0,0,1,0,0,1,0,0,0,0,0,1,0,0,0,0
529.44,5032.46,7,6,1,0.25,0,0,0,1,0,0,1,0,0,0,0,0,0,0,0,1,0
958.31,7052.96,6,5,1,0.6,0,0,1,0,0,0,1,0,0,0,0,0,0,1,0,0,1
1544.5,11233.74,9,9,0,0.55,0,1,0,0,0,0,1,0,0,0,0,0,1,0,0,0,0
360.09,5662.19,7,7,0,0.55,0,0,0,1,0,1,0,0,0,0,0,0,1,0,0,0,0
1106.04,5784.78,6,4,2,0.35,0,1,0,0,0,0,1,0,0,0,1,0,0,0,0,0,0
1296.69,2781.09,2,2,0,0.55,0,1,0,0,0,1,0,0,0,0,0,0,1,0,0,0,1
1110.61,2775.82,2,2,0,0.6,0,0,1,0,0,0,0,0,1,0,0,0,0,1,0,0,0
1912.45,6440.88,4,3,1,0.25,0,1,0,0,0,1,0,0,0,0,0,0,0,0,0,1,0
1054.69,4165.86,4,3,1,0.55,0,1,0,0,0,0,0,0,1,0,0,0,1,0,0,0,1
605.32,5305.52,5,4,1,0.75,0,1,0,0,0,0,0,0,1,0,0,0,0,0,1,0,1
881.17,6472.61,5,5,0,0.55,0,0,1,0,0,0,1,0,0,0,0,0,1,0,0,0,0
924.22,8159.52,7,4,3,0.25,0,1,0,0,0,0,0,0,1,0,0,0,0,0,0,1,0
2168.82,13144.73,8,8,0,0.55,0,0,1,0,0,0,0,0,0,1,0,0,1,0,0,0,1
584.62,8229.57,10,8,2,0.35,0,0,1,0,0,0,0,0,0,1,1,0,0,0,0,0,1
1117.11,2793.48,2,2,0,0.25,0,0,0,0,1,0,1,0,0,0,0,0,0,0,0,1,0
1045.31,5975.06,8,6,2,0.35,0,0,0,0,1,0,0,0,1,0,1,0,0,0,0,0,1
1085.46,2517.03,3,2,1,0.55,0,1,0,0,0,0,0,0,1,0,0,0,1,0,0,0,1
598.52,2899.74,4,4,0,0.6,0,0,0,0,1,0,0,0,1,0,0,0,0,1,0,0,0
468.62,2024.01,5,2,3,0.35,0,0,1,0,0,0,0,1,0,0,1,0,0,0,0,0,0
1228.95,12516.66,8,7,1,0.55,0,0,0,0,1,0,1,0,0,0,0,0,1,0,0,0,0
782.45,7071.97,5,5,0,0.55,0,1,0,0,0,0,0,0,1,0,0,0,1,0,0,0,0
1097.46,4216.25,6,4,2,0.55,0,0,1,0,0,0,1,0,0,0,0,0,1,0,0,0,0
779.04,5394.87,6,5,1,0.6,0,1,0,0,0,0,0,0,0,1,0,0,0,1,0,0,1
1009.9,2934.85,3,2,1,0.25,0,1,0,0,0,0,1,0,0,0,0,0,0,0,0,1,0
